ID,Player,Team,Position,Cost,Selection,Form,Points,Mins,Goals,Assists,Clean_Sheets,Yellow,Reds,Saves,Bonus,Influence,Creativity,Threat,ICT_Index,Dream_ Team,PPG,Pick
CresswellWHUDEF,Cresswell,WHU,DEF,5,0.0040,0,0,90,0,0,0,0,0,0,0,9,1.5,0,1.1,0,0,0
ZabaletaWHUDEF,Zabaleta,WHU,DEF,4.5,0.0070,0,0,0,0,0,0,0,0,0,0,0,0,0,0,0,0,0
ReidWHUDEF,Reid,WHU,DEF,4,0.0510,0,0,0,0,0,0,0,0,0,0,0,0,0,0,0,0,0
JohnsonWHUDEF,Johnson,WHU,DEF,4,0.0120,0,0,0,0,0,0,0,0,0,0,0,0,0,0,0,0,0
NobleWHUMID,Noble,WHU,MID,5,0.0030,0,0,0,0,0,0,0,0,0,0,0,0,0,0,0,0,0
DianganaWHUMID,Diangana,WHU,MID,4.5,0.0010,0,0,0,0,0,0,0,0,0,0,0,0,0,0,0,0,0
ObiangWHUMID,Obiang,WHU,MID,4.5,0.0010,0,0,0,0,0,0,0,0,0,0,0,0,0,0,0,0,0
ArnautovicWHUFWD,Arnautovic,WHU,FWD,7,0.0010,0,0,0,0,0,0,0,0,0,0,0,0,0,0,0,0,0
Xande SilvaWHUFWD,Xande Silva,WHU,FWD,4.5,0.0210,0,0,0,0,0,0,0,0,0,0,0,0,0,0,0,0,0
AjetiWHUFWD,Ajeti,WHU,FWD,6,0.0010,0,0,0,0,0,0,0,0,0,0,0,0,0,0,0,0,0
RuddyWOLGKP,Ruddy,WOL,GKP,4.5,0.0050,0,0,0,0,0,0,0,0,0,0,0,0,0,0,0,0,0
NorrisWOLGKP,Norris,WOL,GKP,4,0.0080,0,0,0,0,0,0,0,0,0,0,0,0,0,0,0,0,0
VinagreWOLDEF,Vinagre,WOL,DEF,4.5,0.0030,0,0,0,0,0,0,0,0,0,0,0,0,0,0,0,0,0
KilmanWOLDEF,Kilman,WOL,DEF,4,0.0190,0,0,0,0,0,0,0,0,0,0,0,0,0,0,0,0,0
VallejoWOLDEF,Vallejo,WOL,DEF,5,0.0040,0,0,0,0,0,0,0,0,0,0,0,0,0,0,0,0,0
Gibbs-WhiteWOLMID,Gibbs-White,WOL,MID,5,0.0010,0,0,0,0,0,0,0,0,0,0,0,0,0,0,0,0,0
CostaWOLMID,Costa,WOL,MID,5,0.0000,0,0,0,0,0,0,0,0,0,0,0,0,0,0,0,0,0
CavaleiroWOLMID,Cavaleiro,WOL,MID,5,0.0000,0,0,0,0,0,0,0,0,0,0,0,0,0,0,0,0,0
BalbuenaWHUDEF,Balbuena,WHU,DEF,4.5,0.0040,-0.5,-1,90,0,0,0,1,0,0,0,5.6,0.4,0,0.6,0,0,0
AustinSOUFWD,Austin,SOU,FWD,6,0.0010,0,0,0,0,0,0,0,0,0,0,0,0,0,0,0,0,0
LongSOUFWD,Long,SOU,FWD,5,0.0450,0,0,0,0,0,0,0,0,0,0,0,0,0,0,0,0,0
GallagherSOUFWD,Gallagher,SOU,FWD,4.5,0.0010,0,0,0,0,0,0,0,0,0,0,0,0,0,0,0,0,0
GazzanigaTOTGKP,Gazzaniga,TOT,GKP,4.5,0.0030,0,0,0,0,0,0,0,0,0,0,0,0,0,0,0,0,0
DaviesTOTDEF,Davies,TOT,DEF,5.5,0.0010,0,0,0,0,0,0,0,0,0,0,0,0,0,0,0,0,0
VertonghenTOTDEF,Vertonghen,TOT,DEF,5.4,0.0260,0,0,0,0,0,0,0,0,0,0,0,0,0,0,0,0,0
TrippierTOTDEF,Trippier,TOT,DEF,5.5,0.0020,0,0,0,0,0,0,0,0,0,0,0,0,0,0,0,0,0
FoythTOTDEF,Foyth,TOT,DEF,5,0.0000,0,0,0,0,0,0,0,0,0,0,0,0,0,0,0,0,0
AurierTOTDEF,Aurier,TOT,DEF,5,0.0030,0,0,0,0,0,0,0,0,0,0,0,0,0,0,0,0,0
SonTOTMID,Son,TOT,MID,9.5,0.0130,0,0,0,0,0,0,0,0,0,0,0,0,0,0,0,0,0
AlliTOTMID,Alli,TOT,MID,8.4,0.0040,0,0,0,0,0,0,0,0,0,0,0,0,0,0,0,0,0
WanyamaTOTMID,Wanyama,TOT,MID,5,0.0010,0,0,0,0,0,0,0,0,0,0,0,0,0,0,0,0,0
DierTOTMID,Dier,TOT,MID,5,0.0020,0,0,0,0,0,0,0,0,0,0,0,0,0,0,0,0,0
AmosTOTMID,Amos,TOT,MID,4.5,0.0000,0,0,0,0,0,0,0,0,0,0,0,0,0,0,0,0,0
SessegnonTOTMID,Sessegnon,TOT,MID,5.5,0.0020,0,0,0,0,0,0,0,0,0,0,0,0,0,0,0,0,0
JanssenTOTFWD,Janssen,TOT,FWD,4.5,0.0010,0,0,0,0,0,0,0,0,0,0,0,0,0,0,0,0,0
ParrottTOTFWD,Parrott,TOT,FWD,4.5,0.0090,0,0,0,0,0,0,0,0,0,0,0,0,0,0,0,0,0
DahlbergWATGKP,Dahlberg,WAT,GKP,4.5,0.0020,0,0,0,0,0,0,0,0,0,0,0,0,0,0,0,0,0
GomesWATGKP,Gomes,WAT,GKP,4.5,0.0020,0,0,0,0,0,0,0,0,0,0,0,0,0,0,0,0,0
KabaseleWATDEF,Kabasele,WAT,DEF,4.5,0.0020,0,0,0,0,0,0,0,0,0,0,0,0,0,0,0,0,0
MasinaWATDEF,Masina,WAT,DEF,4.5,0.0010,0,0,0,0,0,0,0,0,0,0,0,0,0,0,0,0,0
MariappaWATDEF,Mariappa,WAT,DEF,4.5,0.0020,0,0,0,0,0,0,0,0,0,0,0,0,0,0,0,0,0
JanmaatWATDEF,Janmaat,WAT,DEF,4.5,0.0050,0,0,0,0,0,0,0,0,0,0,0,0,0,0,0,0,0
NavarroWATDEF,Navarro,WAT,DEF,4,0.0010,0,0,0,0,0,0,0,0,0,0,0,0,0,0,0,0,0
PrödlWATDEF,Prödl,WAT,DEF,4,0.0170,0,0,0,0,0,0,0,0,0,0,0,0,0,0,0,0,0
SemaWATMID,Sema,WAT,MID,5,0.0000,0,0,0,0,0,0,0,0,0,0,0,0,0,0,0,0,0
ChalobahWATMID,Chalobah,WAT,MID,4.5,0.0020,0,0,0,0,0,0,0,0,0,0,0,0,0,0,0,0,0
QuinaWATMID,Quina,WAT,MID,4.5,0.0010,0,0,0,0,0,0,0,0,0,0,0,0,0,0,0,0,0
SarrWATMID,Sarr,WAT,MID,6.5,0.0020,0,0,0,0,0,0,0,0,0,0,0,0,0,0,0,0,0
RobertoWHUGKP,Roberto,WHU,GKP,4.5,0.0030,0,0,0,0,0,0,0,0,0,0,0,0,0,0,0,0,0
McGovernNORGKP,McGovern,NOR,GKP,4,0.0500,0,0,0,0,0,0,0,0,0,0,0,0,0,0,0,0,0
FahrmannNORGKP,Fahrmann,NOR,GKP,4.5,0.0050,0,0,0,0,0,0,0,0,0,0,0,0,0,0,0,0,0
KloseNORDEF,Klose,NOR,DEF,4.5,0.0010,0,0,0,0,0,0,0,0,0,0,0,0,0,0,0,0,0
ZimmermannNORDEF,Zimmermann,NOR,DEF,4.5,0.0000,0,0,0,0,0,0,0,0,0,0,0,0,0,0,0,0,0
HanleyNORDEF,Hanley,NOR,DEF,4,0.0260,0,0,180,0,0,0,0,0,0,0,24.6,0.1,4,2.9,0,0,0
HeiseNORDEF,Heise,NOR,DEF,4,0.0060,0,0,0,0,0,0,0,0,0,0,0,0,0,0,0,0,0
RobertsNORMID,Roberts,NOR,MID,5.4,0.0010,0,0,0,0,0,0,0,0,0,0,0,0,0,0,0,0,0
AmadouNORMID,Amadou,NOR,MID,4.5,0.0010,0,0,0,0,0,0,0,0,0,0,0,0,0,0,0,0,0
SrbenyNORFWD,Srbeny,NOR,FWD,5.4,0.0010,0,0,0,0,0,0,0,0,0,0,0,0,0,0,0,0,0
EastwoodSHUGKP,Eastwood,SHU,GKP,4.5,0.0030,0,0,0,0,0,0,0,0,0,0,0,0,0,0,0,0,0
MooreSHUGKP,Moore,SHU,GKP,4.5,0.0010,0,0,0,0,0,0,0,0,0,0,0,0,0,0,0,0,0
VerripsSHUGKP,Verrips,SHU,GKP,4.5,0.0000,0,0,0,0,0,0,0,0,0,0,0,0,0,0,0,0,0
FreemanSHUDEF,Freeman,SHU,DEF,4.5,0.0010,0,0,0,0,0,0,0,0,0,0,0,0,0,0,0,0,0
StearmanSHUDEF,Stearman,SHU,DEF,4,0.0250,0,0,0,0,0,0,0,0,0,0,0,0,0,0,0,0,0
DuffySHUMID,Duffy,SHU,MID,5.4,0.0010,0,0,0,0,0,0,0,0,0,0,0,0,0,0,0,0,0
MorrisonSHUMID,Morrison,SHU,MID,5,0.0020,0,0,0,0,0,0,0,0,0,0,0,0,0,0,0,0,0
OsbornSHUMID,Osborn,SHU,MID,5,0.0000,0,0,0,0,0,0,0,0,0,0,0,0,0,0,0,0,0
BešićSHUMID,Bešić,SHU,MID,4.5,0.0030,0,0,0,0,0,0,0,0,0,0,0,0,0,0,0,0,0
MoussetSHUFWD,Mousset,SHU,FWD,5,0.0040,0,0,0,0,0,0,0,0,0,0,0,0,0,0,0,0,0
ForsterSOUGKP,Forster,SOU,GKP,4.5,0.0100,0,0,0,0,0,0,0,0,0,0,0,0,0,0,0,0,0
McCarthySOUGKP,McCarthy,SOU,GKP,4.5,0.0060,0,0,0,0,0,0,0,0,0,0,0,0,0,0,0,0,0
RamsaySOUDEF,Ramsay,SOU,DEF,4,0.0120,0,0,0,0,0,0,0,0,0,0,0,0,0,0,0,0,0
HoedtSOUDEF,Hoedt,SOU,DEF,4.5,0.0010,0,0,0,0,0,0,0,0,0,0,0,0,0,0,0,0,0
CédricSOUDEF,Cédric,SOU,DEF,5,0.0030,0,0,0,0,0,0,0,0,0,0,0,0,0,0,0,0,0
DansoSOUDEF,Danso,SOU,DEF,4.5,0.0000,0,0,0,0,0,0,0,0,0,0,0,0,0,0,0,0,0
ElyounoussiSOUMID,Elyounoussi,SOU,MID,5.5,0.0010,0,0,0,0,0,0,0,0,0,0,0,0,0,0,0,0,0
LeminaSOUMID,Lemina,SOU,MID,4.9,0.0020,0,0,0,0,0,0,0,0,0,0,0,0,0,0,0,0,0
JohnsonSOUMID,Johnson,SOU,MID,4.5,0.0000,0,0,0,0,0,0,0,0,0,0,0,0,0,0,0,0,0
SlatterySOUMID,Slattery,SOU,MID,4.5,0.0020,0,0,0,0,0,0,0,0,0,0,0,0,0,0,0,0,0
DjenepoSOUMID,Djenepo,SOU,MID,5.5,0.0010,0,0,13,0,0,0,1,0,0,0,1.4,0.5,0,0.2,0,0,0
FernandinhoMCIMID,Fernandinho,MCI,MID,5.4,0.0100,0,0,0,0,0,0,0,0,0,0,0,0,0,0,0,0,0
RomeroMUNGKP,Romero,MUN,GKP,5,0.0020,0,0,0,0,0,0,0,0,0,0,0,0,0,0,0,0,0
GrantMUNGKP,Grant,MUN,GKP,5,0.0010,0,0,0,0,0,0,0,0,0,0,0,0,0,0,0,0,0
SmallingMUNDEF,Smalling,MUN,DEF,5.5,0.0030,0,0,0,0,0,0,0,0,0,0,0,0,0,0,0,0,0
YoungMUNDEF,Young,MUN,DEF,5.4,0.0040,0,0,0,0,0,0,0,0,0,0,0,0,0,0,0,0,0
RojoMUNDEF,Rojo,MUN,DEF,5,0.0020,0,0,0,0,0,0,0,0,0,0,0,0,0,0,0,0,0
BaillyMUNDEF,Bailly,MUN,DEF,5,0.0000,0,0,0,0,0,0,0,0,0,0,0,0,0,0,0,0,0
DalotMUNDEF,Dalot,MUN,DEF,4.9,0.0020,0,0,0,0,0,0,0,0,0,0,0,0,0,0,0,0,0
DarmianMUNDEF,Darmian,MUN,DEF,5,0.0010,0,0,0,0,0,0,0,0,0,0,0,0,0,0,0,0,0
JonesMUNDEF,Jones,MUN,DEF,5,0.0020,0,0,0,0,0,0,0,0,0,0,0,0,0,0,0,0,0
TuanzebeMUNDEF,Tuanzebe,MUN,DEF,4.5,0.0010,0,0,0,0,0,0,0,0,0,0,0,0,0,0,0,0,0
SánchezMUNMID,Sánchez,MUN,MID,7,0.0080,0,0,0,0,0,0,0,0,0,0,0,0,0,0,0,0,0
FredMUNMID,Fred,MUN,MID,5.4,0.0020,0,0,0,0,0,0,0,0,0,0,0,0,0,0,0,0,0
GomesMUNMID,Gomes,MUN,MID,5,0.0010,0,0,0,0,0,0,0,0,0,0,0,0,0,0,0,0,0
MaticMUNMID,Matic,MUN,MID,4.9,0.0060,0,0,0,0,0,0,0,0,0,0,0,0,0,0,0,0,0
ChongMUNMID,Chong,MUN,MID,4.5,0.0030,0,0,0,0,0,0,0,0,0,0,0,0,0,0,0,0,0
GarnerMUNMID,Garner,MUN,MID,4.5,0.0010,0,0,0,0,0,0,0,0,0,0,0,0,0,0,0,0,0
LukakuMUNFWD,Lukaku,MUN,FWD,8.5,0.0050,0,0,0,0,0,0,0,0,0,0,0,0,0,0,0,0,0
DarlowNEWGKP,Darlow,NEW,GKP,4.5,0.0020,0,0,0,0,0,0,0,0,0,0,0,0,0,0,0,0,0
WoodmanNEWGKP,Woodman,NEW,GKP,4,0.0100,0,0,0,0,0,0,0,0,0,0,0,0,0,0,0,0,0
YedlinNEWDEF,Yedlin,NEW,DEF,4.5,0.0000,0,0,0,0,0,0,0,0,0,0,0,0,0,0,0,0,0
FernándezNEWDEF,Fernández,NEW,DEF,4.5,0.0020,0,0,0,0,0,0,0,0,0,0,0,0,0,0,0,0,0
LejeuneNEWDEF,Lejeune,NEW,DEF,4.5,0.0000,0,0,0,0,0,0,0,0,0,0,0,0,0,0,0,0,0
ClarkNEWDEF,Clark,NEW,DEF,4.5,0.0020,0,0,0,0,0,0,0,0,0,0,0,0,0,0,0,0,0
AtsuNEWMID,Atsu,NEW,MID,5.5,0.0010,0,0,0,0,0,0,0,0,0,0,0,0,0,0,0,0,0
ColbackNEWMID,Colback,NEW,MID,4.5,0.0010,0,0,0,0,0,0,0,0,0,0,0,0,0,0,0,0,0
MurphyNEWMID,Murphy,NEW,MID,4.9,0.0000,0,0,0,0,0,0,0,0,0,0,0,0,0,0,0,0,0
AaronsNEWMID,Aarons,NEW,MID,5,0.0010,0,0,0,0,0,0,0,0,0,0,0,0,0,0,0,0,0
JoseluNEWFWD,Joselu,NEW,FWD,5,0.0010,0,0,0,0,0,0,0,0,0,0,0,0,0,0,0,0,0
CarrollNEWFWD,Carroll,NEW,FWD,5.5,0.0010,0,0,0,0,0,0,0,0,0,0,0,0,0,0,0,0,0
LookmanEVEMID,Lookman,EVE,MID,5,0.0000,0,0,0,0,0,0,0,0,0,0,0,0,0,0,0,0,0
GueyeEVEMID,Gueye,EVE,MID,5,0.0000,0,0,0,0,0,0,0,0,0,0,0,0,0,0,0,0,0
SchneiderlinEVEMID,Schneiderlin,EVE,MID,4.5,0.0100,0,0,75,0,0,1,0,0,0,0,9.4,13.1,0,2.3,0,0,0
TosunEVEFWD,Tosun,EVE,FWD,5.9,0.0020,0,0,0,0,0,0,0,0,0,0,0,0,0,0,0,0,0
JakupovicLEIGKP,Jakupovic,LEI,GKP,4.5,0.0010,0,0,0,0,0,0,0,0,0,0,0,0,0,0,0,0,0
WardLEIGKP,Ward,LEI,GKP,4.5,0.0020,0,0,0,0,0,0,0,0,0,0,0,0,0,0,0,0,0
MorganLEIDEF,Morgan,LEI,DEF,4.5,0.0120,0,0,0,0,0,0,0,0,0,0,0,0,0,0,0,0,0
JustinLEIDEF,Justin,LEI,DEF,5,0.0010,0,0,0,0,0,0,0,0,0,0,0,0,0,0,0,0,0
GhezzalLEIMID,Ghezzal,LEI,MID,5.5,0.0010,0,0,0,0,0,0,0,0,0,0,0,0,0,0,0,0,0
GrayLEIMID,Gray,LEI,MID,5.5,0.0050,0,0,0,0,0,0,0,0,0,0,0,0,0,0,0,0,0
JamesLEIMID,James,LEI,MID,4.5,0.0030,0,0,0,0,0,0,0,0,0,0,0,0,0,0,0,0,0
AmarteyLEIMID,Amartey,LEI,MID,4.5,0.0040,0,0,0,0,0,0,0,0,0,0,0,0,0,0,0,0,0
MendyLEIMID,Mendy,LEI,MID,4.5,0.0080,0,0,0,0,0,0,0,0,0,0,0,0,0,0,0,0,0
KingLEIMID,King,LEI,MID,4.5,0.0050,0,0,0,0,0,0,0,0,0,0,0,0,0,0,0,0,0
IheanachoLEIFWD,Iheanacho,LEI,FWD,5.9,0.0030,0,0,0,0,0,0,0,0,0,0,0,0,0,0,0,0,0
MignoletLIVGKP,Mignolet,LIV,GKP,4.5,0.0010,0,0,0,0,0,0,0,0,0,0,0,0,0,0,0,0,0
LonerganLIVGKP,Lonergan,LIV,GKP,4.5,0.0000,0,0,0,0,0,0,0,0,0,0,0,0,0,0,0,0,0
KelleherLIVGKP,Kelleher,LIV,GKP,4.5,0.0000,0,0,0,0,0,0,0,0,0,0,0,0,0,0,0,0,0
LovrenLIVDEF,Lovren,LIV,DEF,5.5,0.0020,0,0,0,0,0,0,0,0,0,0,0,0,0,0,0,0,0
ShaqiriLIVMID,Shaqiri,LIV,MID,6.4,0.0040,0,0,0,0,0,0,0,0,0,0,0,0,0,0,0,0,0
LallanaLIVMID,Lallana,LIV,MID,6,0.0010,0,0,0,0,0,0,0,0,0,0,0,0,0,0,0,0,0
KeitaLIVMID,Keita,LIV,MID,5.9,0.0030,0,0,0,0,0,0,0,0,0,0,0,0,0,0,0,0,0
CamachoLIVMID,Camacho,LIV,MID,4.5,0.0000,0,0,0,0,0,0,0,0,0,0,0,0,0,0,0,0,0
BrewsterLIVFWD,Brewster,LIV,FWD,4.5,0.0060,0,0,0,0,0,0,0,0,0,0,0,0,0,0,0,0,0
BravoMCIGKP,Bravo,MCI,GKP,4.9,0.0030,0,0,0,0,0,0,0,0,0,0,0,0,0,0,0,0,0
MendyMCIDEF,Mendy,MCI,DEF,6,0.0030,0,0,0,0,0,0,0,0,0,0,0,0,0,0,0,0,0
DaniloMCIDEF,Danilo,MCI,DEF,5,0.0010,0,0,0,0,0,0,0,0,0,0,0,0,0,0,0,0,0
AngeliñoMCIDEF,Angeliño,MCI,DEF,4.9,0.0020,0,0,0,0,0,0,0,0,0,0,0,0,0,0,0,0,0
CanceloMCIDEF,Cancelo,MCI,DEF,5.5,0.0130,0,0,0,0,0,0,0,0,0,0,0,0,0,0,0,0,0
SanéMCIMID,Sané,MCI,MID,9.4,0.0040,0,0,0,0,0,0,0,0,0,0,0,0,0,0,0,0,0
DefourBURMID,Defour,BUR,MID,5.5,0.0000,0,0,0,0,0,0,0,0,0,0,0,0,0,0,0,0,0
HendrickBURMID,Hendrick,BUR,MID,5.5,0.0010,0,0,0,0,0,0,0,0,0,0,0,0,0,0,0,0,0
DrinkwaterBURMID,Drinkwater,BUR,MID,4.5,0.0210,0,0,0,0,0,0,0,0,0,0,0,0,0,0,0,0,0
VydraBURFWD,Vydra,BUR,FWD,5.5,0.0010,0,0,0,0,0,0,0,0,0,0,0,0,0,0,0,0,0
CaballeroCHEGKP,Caballero,CHE,GKP,5,0.0020,0,0,0,0,0,0,0,0,0,0,0,0,0,0,0,0,0
AlonsoCHEDEF,Alonso,CHE,DEF,6.4,0.0350,0,0,0,0,0,0,0,0,0,0,0,0,0,0,0,0,0
RüdigerCHEDEF,Rüdiger,CHE,DEF,6,0.0010,0,0,0,0,0,0,0,0,0,0,0,0,0,0,0,0,0
ZappacostaCHEDEF,Zappacosta,CHE,DEF,4.5,0.0050,0,0,0,0,0,0,0,0,0,0,0,0,0,0,0,0,0
JamesCHEDEF,James,CHE,DEF,5,0.0010,0,0,0,0,0,0,0,0,0,0,0,0,0,0,0,0,0
TomoriCHEDEF,Tomori,CHE,DEF,4.5,0.0000,0,0,0,0,0,0,0,0,0,0,0,0,0,0,0,0,0
Loftus-CheekCHEMID,Loftus-Cheek,CHE,MID,6.5,0.0010,0,0,0,0,0,0,0,0,0,0,0,0,0,0,0,0,0
Hudson-OdoiCHEMID,Hudson-Odoi,CHE,MID,6,0.0010,0,0,0,0,0,0,0,0,0,0,0,0,0,0,0,0,0
AmpaduCHEMID,Ampadu,CHE,MID,4.5,0.0000,0,0,0,0,0,0,0,0,0,0,0,0,0,0,0,0,0
KenedyCHEMID,Kenedy,CHE,MID,5.5,0.0010,0,0,0,0,0,0,0,0,0,0,0,0,0,0,0,0,0
BatshuayiCHEFWD,Batshuayi,CHE,FWD,6.9,0.0060,0,0,0,0,0,0,0,0,0,0,0,0,0,0,0,0,0
HennesseyCRYGKP,Hennessey,CRY,GKP,4.5,0.0100,0,0,0,0,0,0,0,0,0,0,0,0,0,0,0,0,0
TomkinsCRYDEF,Tomkins,CRY,DEF,5,0.0000,0,0,0,0,0,0,0,0,0,0,0,0,0,0,0,0,0
SakhoCRYDEF,Sakho,CRY,DEF,5,0.0010,0,0,0,0,0,0,0,0,0,0,0,0,0,0,0,0,0
CahillCRYDEF,Cahill,CRY,DEF,4.5,0.0180,0,0,0,0,0,0,0,0,0,0,0,0,0,0,0,0,0
KouyatéCRYMID,Kouyaté,CRY,MID,5,0.0020,0,0,0,0,0,0,0,0,0,0,0,0,0,0,0,0,0
DreherCRYMID,Dreher,CRY,MID,4.5,0.0010,0,0,0,0,0,0,0,0,0,0,0,0,0,0,0,0,0
McCarthyCRYMID,McCarthy,CRY,MID,4.5,0.0070,0,0,20,0,0,0,1,0,0,0,6.8,0.8,0,0.8,0,0,0
CamarasaCRYMID,Camarasa,CRY,MID,5,0.0070,0,0,0,0,0,0,0,0,0,0,0,0,0,0,0,0,0
StekelenburgEVEGKP,Stekelenburg,EVE,GKP,4,0.0890,0,0,0,0,0,0,0,0,0,0,0,0,0,0,0,0,0
LösslEVEGKP,Lössl,EVE,GKP,4.5,0.0060,0,0,0,0,0,0,0,0,0,0,0,0,0,0,0,0,0
BainesEVEDEF,Baines,EVE,DEF,5,0.0010,0,0,0,0,0,0,0,0,0,0,0,0,0,0,0,0,0
DelphEVEDEF,Delph,EVE,DEF,5.5,0.0030,0,0,0,0,0,0,0,0,0,0,0,0,0,0,0,0,0
GibsonEVEDEF,Gibson,EVE,DEF,4.5,0.0020,0,0,0,0,0,0,0,0,0,0,0,0,0,0,0,0,0
SidibéEVEDEF,Sidibé,EVE,DEF,5.5,0.0030,0,0,0,0,0,0,0,0,0,0,0,0,0,0,0,0,0
IwobiEVEMID,Iwobi,EVE,MID,6,0.0190,0,0,0,0,0,0,0,0,0,0,0,0,0,0,0,0,0
BorucBOUGKP,Boruc,BOU,GKP,4.5,0.0040,0,0,0,0,0,0,0,0,0,0,0,0,0,0,0,0,0
TraversBOUGKP,Travers,BOU,GKP,4.5,0.0020,0,0,0,0,0,0,0,0,0,0,0,0,0,0,0,0,0
FrancisBOUDEF,Francis,BOU,DEF,4.5,0.0000,0,0,0,0,0,0,0,0,0,0,0,0,0,0,0,0,0
KellyBOUDEF,Kelly,BOU,DEF,4.5,0.0010,0,0,0,0,0,0,0,0,0,0,0,0,0,0,0,0,0
SimpsonBOUDEF,Simpson,BOU,DEF,4,0.0770,0,0,0,0,0,0,0,0,0,0,0,0,0,0,0,0,0
StaceyBOUDEF,Stacey,BOU,DEF,4.4,0.0010,0,0,0,0,0,0,0,0,0,0,0,0,0,0,0,0,0
BrooksBOUMID,Brooks,BOU,MID,6.4,0.0020,0,0,0,0,0,0,0,0,0,0,0,0,0,0,0,0,0
StanislasBOUMID,Stanislas,BOU,MID,6,0.0000,0,0,0,0,0,0,0,0,0,0,0,0,0,0,0,0,0
IbeBOUMID,Ibe,BOU,MID,5,0.0030,0,0,0,0,0,0,0,0,0,0,0,0,0,0,0,0,0
Lewis CookBOUMID,Lewis Cook,BOU,MID,5,0.0000,0,0,0,0,0,0,0,0,0,0,0,0,0,0,0,0,0
GoslingBOUMID,Gosling,BOU,MID,5,0.0000,0,0,0,0,0,0,0,0,0,0,0,0,0,0,0,0,0
DanjumaBOUMID,Danjuma,BOU,MID,6,0.0000,0,0,0,0,0,0,0,0,0,0,0,0,0,0,0,0,0
SurridgeBOUFWD,Surridge,BOU,FWD,4.5,0.0070,0,0,0,0,0,0,0,0,0,0,0,0,0,0,0,0,0
ButtonBHAGKP,Button,BHA,GKP,4,0.2590,0,0,0,0,0,0,0,0,0,0,0,0,0,0,0,0,0
BalogunBHADEF,Balogun,BHA,DEF,4.5,0.0010,0,0,0,0,0,0,0,0,0,0,0,0,0,0,0,0,0
BongBHADEF,Bong,BHA,DEF,4.5,0.0020,0,0,0,0,0,0,0,0,0,0,0,0,0,0,0,0,0
ClarkeBHADEF,Clarke,BHA,DEF,4.5,0.0000,0,0,0,0,0,0,0,0,0,0,0,0,0,0,0,0,0
WebsterBHADEF,Webster,BHA,DEF,4.5,0.0010,0,0,0,0,0,0,0,0,0,0,0,0,0,0,0,0,0
JahanbakhshBHAMID,Jahanbakhsh,BHA,MID,5.9,0.0010,0,0,0,0,0,0,0,0,0,0,0,0,0,0,0,0,0
IzquierdoBHAMID,Izquierdo,BHA,MID,5.5,0.0000,0,0,0,0,0,0,0,0,0,0,0,0,0,0,0,0,0
KnockaertBHAMID,Knockaert,BHA,MID,5.5,0.0000,0,0,0,0,0,0,0,0,0,0,0,0,0,0,0,0,0
BissoumaBHAMID,Bissouma,BHA,MID,5,0.0000,0,0,0,0,0,0,0,0,0,0,0,0,0,0,0,0,0
KayalBHAMID,Kayal,BHA,MID,4.5,0.0010,0,0,0,0,0,0,0,0,0,0,0,0,0,0,0,0,0
HartBURGKP,Hart,BUR,GKP,4.5,0.0180,0,0,0,0,0,0,0,0,0,0,0,0,0,0,0,0,0
Peacock-FarrellBURGKP,Peacock-Farrell,BUR,GKP,4.5,0.0010,0,0,0,0,0,0,0,0,0,0,0,0,0,0,0,0,0
BardsleyBURDEF,Bardsley,BUR,DEF,4.5,0.0020,0,0,0,0,0,0,0,0,0,0,0,0,0,0,0,0,0
TaylorBURDEF,Taylor,BUR,DEF,4.4,0.0110,0,0,0,0,0,0,0,0,0,0,0,0,0,0,0,0,0
LongBURDEF,Long,BUR,DEF,4.5,0.0020,0,0,0,0,0,0,0,0,0,0,0,0,0,0,0,0,0
GibsonBURDEF,Gibson,BUR,DEF,4,0.0310,0,0,0,0,0,0,0,0,0,0,0,0,0,0,0,0,0
BradyBURMID,Brady,BUR,MID,5.5,0.0000,0,0,0,0,0,0,0,0,0,0,0,0,0,0,0,0,0
Felipe AndersonWHUMID,Felipe Anderson,WHU,MID,6.9,0.0570,0.5,1,65,0,0,0,1,0,0,0,3.8,1.6,0,0.5,0,1,0
YarmolenkoWHUMID,Yarmolenko,WHU,MID,5.9,0.0020,0.5,1,13,0,0,0,0,0,0,0,0.4,1.3,0,0.2,0,1,0
Carlos SánchezWHUMID,Carlos Sánchez,WHU,MID,4.5,0.0040,0.5,1,7,0,0,0,0,0,0,0,0,0.1,0,0,0,1,0
SaïssWOLDEF,Saïss,WOL,DEF,4.5,0.0030,0.5,1,9,0,0,0,0,0,0,0,3,0.1,0,0.3,0,1,0
TraoréWOLMID,Traoré,WOL,MID,5,0.0030,0.5,1,45,0,0,0,0,0,0,0,5.8,15.9,6,2.8,0,1,0
NetoWOLMID,Neto,WOL,MID,5,0.0000,0.5,1,4,0,0,0,0,0,0,0,0,1.6,2,0.4,0,1,0
MartínezARSGKP,Martínez,ARS,GKP,4.5,0.0030,0,0,0,0,0,0,0,0,0,0,0,0,0,0,0,0,0
MustafiARSDEF,Mustafi,ARS,DEF,5.4,0.0050,0,0,0,0,0,0,0,0,0,0,0,0,0,0,0,0,0
BellerínARSDEF,Bellerín,ARS,DEF,5.5,0.0010,0,0,0,0,0,0,0,0,0,0,0,0,0,0,0,0,0
KoscielnyARSDEF,Koscielny,ARS,DEF,5,0.0020,0,0,0,0,0,0,0,0,0,0,0,0,0,0,0,0,0
MavropanosARSDEF,Mavropanos,ARS,DEF,4.4,0.0010,0,0,0,0,0,0,0,0,0,0,0,0,0,0,0,0,0
JenkinsonARSDEF,Jenkinson,ARS,DEF,4.5,0.0000,0,0,0,0,0,0,0,0,0,0,0,0,0,0,0,0,0
HoldingARSDEF,Holding,ARS,DEF,4.5,0.0010,0,0,0,0,0,0,0,0,0,0,0,0,0,0,0,0,0
TierneyARSDEF,Tierney,ARS,DEF,5.5,0.0060,0,0,0,0,0,0,0,0,0,0,0,0,0,0,0,0,0
ÖzilARSMID,Özil,ARS,MID,7.4,0.0090,0,0,0,0,0,0,0,0,0,0,0,0,0,0,0,0,0
ElnenyARSMID,Elneny,ARS,MID,4.5,0.0030,0,0,0,0,0,0,0,0,0,0,0,0,0,0,0,0,0
NketiahARSFWD,Nketiah,ARS,FWD,4.5,0.0120,0,0,0,0,0,0,0,0,0,0,0,0,0,0,0,0,0
NylandAVLGKP,Nyland,AVL,GKP,4.5,0.0020,0,0,0,0,0,0,0,0,0,0,0,0,0,0,0,0,0
SteerAVLGKP,Steer,AVL,GKP,4.5,0.0010,0,0,0,0,0,0,0,0,0,0,0,0,0,0,0,0,0
KalinicAVLGKP,Kalinic,AVL,GKP,4.5,0.0010,0,0,0,0,0,0,0,0,0,0,0,0,0,0,0,0,0
ChesterAVLDEF,Chester,AVL,DEF,4.5,0.0010,0,0,0,0,0,0,0,0,0,0,0,0,0,0,0,0,0
HauseAVLDEF,Hause,AVL,DEF,4.5,0.0010,0,0,0,0,0,0,0,0,0,0,0,0,0,0,0,0,0
TargettAVLDEF,Targett,AVL,DEF,4.5,0.0100,0,0,0,0,0,0,0,0,0,0,0,0,0,0,0,0,0
KonsaAVLDEF,Konsa,AVL,DEF,4.5,0.0010,0,0,0,0,0,0,0,0,0,0,0,0,0,0,0,0,0
GuilbertAVLDEF,Guilbert,AVL,DEF,4.5,0.0040,0,0,0,0,0,0,0,0,0,0,0,0,0,0,0,0,0
GreenAVLMID,Green,AVL,MID,5,0.0000,0,0,0,0,0,0,0,0,0,0,0,0,0,0,0,0,0
BjarnasonAVLMID,Bjarnason,AVL,MID,4.5,0.0010,0,0,0,0,0,0,0,0,0,0,0,0,0,0,0,0,0
LansburyAVLMID,Lansbury,AVL,MID,4.5,0.0020,0,0,0,0,0,0,0,0,0,0,0,0,0,0,0,0,0
NakambaAVLMID,Nakamba,AVL,MID,4.5,0.0020,0,0,0,0,0,0,0,0,0,0,0,0,0,0,0,0,0
BegovicBOUGKP,Begovic,BOU,GKP,4.5,0.0250,0,0,0,0,0,0,0,0,0,0,0,0,0,0,0,0,0
HolgateEVEDEF,Holgate,EVE,DEF,4.5,0.0020,0.5,1,17,0,0,0,0,0,0,0,7.4,0.1,0,0.8,0,1,0
WalcottEVEMID,Walcott,EVE,MID,6.4,0.0070,0.5,1,27,0,0,0,0,0,0,0,1,1.5,0,0.3,0,1,0
DaviesEVEMID,Davies,EVE,MID,5.5,0.0020,0.5,1,11,0,0,0,0,0,0,0,1.4,0.1,0,0.2,0,1,0
BarnesLEIMID,Barnes,LEI,MID,6,0.0020,0.5,1,29,0,0,0,0,0,0,0,5.6,2.1,11,1.9,0,1,0
PraetLEIMID,Praet,LEI,MID,5.5,0.0010,0.5,1,17,0,0,0,0,0,0,0,5,0.1,0,0.5,0,1,0
AlissonLIVGKP,Alisson,LIV,GKP,5.9,0.1090,0.5,1,38,0,0,0,0,0,2,0,5.6,0,0,0.6,0,1,0
OtamendiMCIDEF,Otamendi,MCI,DEF,5.4,0.0120,0.5,1,90,0,0,0,0,0,0,0,17,11.1,55,8.3,0,1,0
FodenMCIMID,Foden,MCI,MID,5.5,0.0060,0.5,1,10,0,0,0,0,0,0,0,1,0.4,0,0.1,0,1,0
WillemsNEWDEF,Willems,NEW,DEF,4.5,0.0020,0.5,1,36,0,0,0,0,0,0,0,5.4,11.2,2,1.9,0,1,0
KrafthNEWDEF,Krafth,NEW,DEF,4.5,0.0010,0.5,1,90,0,0,0,0,0,0,0,10.6,1.4,4,1.6,0,1,0
Saint-MaximinNEWMID,Saint-Maximin,NEW,MID,5.5,0.0050,0.5,1,23,0,0,0,0,0,0,0,0,0,0,0,0,1,0
MutoNEWFWD,Muto,NEW,FWD,5.5,0.0020,0.5,1,23,0,0,0,0,0,0,0,0,1.5,2,0.3,0,1,0
AaronsNORDEF,Aarons,NOR,DEF,4.5,0.0270,0.5,1,180,0,0,0,1,0,0,0,30,15.6,18,6.3,0,0.5,0
ByramNORDEF,Byram,NOR,DEF,4.5,0.0010,0.5,1,1,0,0,0,0,0,0,0,1,0.1,0,0.1,0,1,0
VrancicNORMID,Vrancic,NOR,MID,6.4,0.0020,0.5,1,6,0,0,0,0,0,0,0,2.4,10.2,18,3.1,0,1,0
HernándezNORMID,Hernández,NOR,MID,5.5,0.0020,0.5,1,20,0,0,0,0,0,0,0,0,0.6,22,2.1,0,1,0
TetteyNORMID,Tettey,NOR,MID,4.5,0.0020,0.5,1,3,0,0,0,0,0,0,0,2.2,0.1,0,0.2,0,1,0
DrmicNORFWD,Drmic,NOR,FWD,5.5,0.0010,0.5,1,7,0,0,0,0,0,0,0,0,0.3,2,0.2,0,1,0
JagielkaSHUDEF,Jagielka,SHU,DEF,4.5,0.0070,0.5,1,1,0,0,0,0,0,0,0,5.2,0,0,0.5,0,1,0
StephensSOUDEF,Stephens,SOU,DEF,4.5,0.0010,0.5,1,72,0,0,0,0,0,0,0,10.6,0.1,2,1.3,0,1,0
YoshidaSOUDEF,Yoshida,SOU,DEF,4.5,0.0040,0.5,1,90,0,0,0,0,0,0,0,12.4,0.3,37,5,0,1,0
ArmstrongSOUMID,Armstrong,SOU,MID,5.5,0.0020,0.5,1,22,0,0,0,0,0,0,0,0.4,0.7,0,0.1,0,1,0
BoufalSOUMID,Boufal,SOU,MID,5.5,0.0010,0.5,1,17,0,0,0,0,0,0,0,5.4,12.3,6,2.4,0,1,0
ObafemiSOUFWD,Obafemi,SOU,FWD,5,0.0030,0.5,1,24,0,0,0,0,0,0,0,0,0.4,4,0.4,0,1,0
Lo CelsoTOTMID,Lo Celso,TOT,MID,7.5,0.0050,0.5,1,5,0,0,0,0,0,0,0,0,0.3,0,0,0,1,0
NkoudouTOTMID,Nkoudou,TOT,MID,5,0.0000,0.5,1,2,0,0,0,0,0,0,0,0,0,18,1.8,0,1,0
CleverleyWATMID,Cleverley,WAT,MID,5,0.0010,0.5,1,11,0,0,0,0,0,0,0,2.2,0.3,0,0.3,0,1,0
SuccessWATFWD,Success,WAT,FWD,5,0.0080,0.5,1,15,0,0,0,0,0,0,0,0,0,0,0,0,1,0
WelbeckWATFWD,Welbeck,WAT,FWD,6,0.0020,0.5,1,23,0,0,0,0,0,0,0,8.4,0.8,0,0.9,0,1,0
MasuakuWHUDEF,Masuaku,WHU,DEF,4.5,0.0040,0.5,1,90,0,0,0,1,0,0,0,16.8,2.8,0,2,0,1,0
FleckSHUMID,Fleck,SHU,MID,5,0.0010,1,2,118,0,0,0,1,0,0,0,10,44,1,5.5,0,1,0
McBurnieSHUFWD,McBurnie,SHU,FWD,6,0.0010,1,2,61,0,0,0,0,0,0,0,6.6,2.8,17,2.7,0,1,0
VestergaardSOUDEF,Vestergaard,SOU,DEF,5,0.0020,1,2,180,0,0,0,0,0,0,0,36.4,15.5,37,8.9,0,1,0
BertrandSOUDEF,Bertrand,SOU,DEF,5,0.0100,1,2,166,0,0,0,0,0,0,0,6,7.8,9,2.3,0,1,0
ValerySOUDEF,Valery,SOU,DEF,5,0.0040,1,2,180,0,0,0,0,0,0,0,28.8,31.3,28,8.8,0,1,0
BednarekSOUDEF,Bednarek,SOU,DEF,4.5,0.0070,1,2,180,0,0,0,0,0,0,0,37.2,11.5,10,5.9,0,1,0
SkippTOTMID,Skipp,TOT,MID,4.5,0.0060,1,2,2,0,0,0,0,0,0,0,5,0.2,0,0.5,0,1,0
HolebasWATDEF,Holebas,WAT,DEF,5,0.0340,1,2,180,0,0,0,1,0,0,0,39,31.7,0,7,0,1,0
DoucouréWATMID,Doucouré,WAT,MID,5.9,0.0250,1,2,180,0,0,0,0,0,0,0,17,35.3,8,6.1,0,1,0
PereyraWATMID,Pereyra,WAT,MID,5.9,0.0300,1,2,135,0,0,0,1,0,0,0,5.8,10.6,58,7.4,0,1,0
OgbonnaWHUDEF,Ogbonna,WHU,DEF,4.5,0.0030,1,2,90,0,0,0,0,0,0,0,31.2,0.5,0,3.2,0,2,0
FredericksWHUDEF,Fredericks,WHU,DEF,4.5,0.0030,1,2,180,0,0,0,0,0,0,0,23.2,13.4,2,3.8,0,1,0
DiopWHUDEF,Diop,WHU,DEF,4.5,0.0360,1,2,180,0,0,0,0,0,0,0,25.8,11.5,11,4.8,0,1,0
AntonioWHUMID,Antonio,WHU,MID,7,0.0150,1,2,90,0,0,0,0,0,0,0,10.2,13.5,58,8.2,0,1,0
WilshereWHUMID,Wilshere,WHU,MID,5,0.0050,1,2,100,0,0,0,0,0,0,0,2.6,3.9,0,0.6,0,1,0
HallerWHUFWD,Haller,WHU,FWD,7.5,0.0310,1,2,90,0,0,0,0,0,0,0,0,0,0,0,0,2,0
CutroneWOLFWD,Cutrone,WOL,FWD,5.9,0.0120,1,2,15,0,0,0,0,0,0,0,5.4,0,0,0.5,0,1,0
KolasinacARSDEF,Kolasinac,ARS,DEF,5.5,0.0100,0.5,1,19,0,0,0,0,0,0,0,2.2,0.3,0,0.3,0,1,0
David LuizARSDEF,David Luiz,ARS,DEF,6,0.0830,0.5,1,90,0,0,0,1,0,0,0,31.8,4.1,0,3.6,0,1,0
TorreiraARSMID,Torreira,ARS,MID,5,0.0180,0.5,1,7,0,0,0,0,0,0,0,2.6,0.3,17,2,0,1,0
MartinelliARSFWD,Martinelli,ARS,FWD,4.5,0.0170,0.5,1,6,0,0,0,0,0,0,0,0,0,0,0,0,1,0
DavisAVLMID,Davis,AVL,MID,4.5,0.0040,0.5,1,3,0,0,0,0,0,0,0,0,0.3,0,0,0,1,0
KodjiaAVLFWD,Kodjia,AVL,FWD,5.5,0.0030,0.5,1,16,0,0,0,0,0,0,0,0,0,2,0.2,0,1,0
SurmanBOUMID,Surman,BOU,MID,5,0.0010,0.5,1,45,0,0,0,0,0,0,0,4.4,1.4,0,0.6,0,1,0
BernardoBHADEF,Bernardo,BHA,DEF,4.5,0.0020,0.5,1,1,0,0,0,0,0,0,0,0,0.4,0,0,0,1,0
MooyBHAMID,Mooy,BHA,MID,5,0.0030,0.5,1,5,0,0,0,0,0,0,0,0.2,0.5,0,0.1,0,1,0
ZoumaCHEDEF,Zouma,CHE,DEF,5,0.0280,0.5,1,180,0,0,0,1,0,0,0,12.8,0.9,27,3.5,0,0.5,0
WillianCHEMID,Willian,CHE,MID,7,0.0060,0.5,1,19,0,0,0,0,0,0,0,0.2,1,4,0.5,0,1,0
BarkleyCHEMID,Barkley,CHE,MID,6,0.0590,0.5,1,57,0,0,0,0,0,0,0,8,14.4,18,4,0,1,0
SchluppCRYMID,Schlupp,CRY,MID,5.5,0.0010,0.5,1,25,0,0,0,0,0,0,0,2.2,0.4,11,1.4,0,1,0
RicoBOUDEF,Rico,BOU,DEF,4,0.0570,1,2,90,0,0,0,0,0,0,0,21,16.6,3,4.1,0,2,0
BillingBOUMID,Billing,BOU,MID,5,0.0020,1,2,135,0,0,0,1,0,0,0,26.2,25.6,11,6.3,0,1,0
SolankeBOUFWD,Solanke,BOU,FWD,5.5,0.0050,1,2,15,0,0,0,0,0,0,0,2.8,10.5,2,1.5,0,1,0
LocadiaBHAFWD,Locadia,BHA,FWD,5.5,0.0030,1,2,63,0,0,1,0,0,0,0,3.2,1.4,19,2.4,0,2,0
LennonBURMID,Lennon,BUR,MID,5,0.0010,1,2,24,0,0,0,0,0,0,0,3.4,0.3,2,0.6,0,1,0
RodriguezBURFWD,Rodriguez,BUR,FWD,5.9,0.0040,1,2,35,0,0,0,0,0,0,0,0,0,10,1,0,1,0
KepaCHEGKP,Kepa,CHE,GKP,5.5,0.0570,1,2,180,0,0,0,0,0,3,0,30,0,0,3,0,1,0
AzpilicuetaCHEDEF,Azpilicueta,CHE,DEF,6,0.0750,1,2,180,0,0,0,0,0,0,0,44,47.2,8,9.9,0,1,0
EmersonCHEDEF,Emerson,CHE,DEF,5.5,0.0190,1,2,180,0,0,0,0,0,0,0,51,41.7,47,14,0,1,0
ChristensenCHEDEF,Christensen,CHE,DEF,5,0.0110,1,2,180,0,0,0,0,0,0,0,42.8,1.8,2,4.7,0,1,0
JorginhoCHEMID,Jorginho,CHE,MID,5,0.0380,1,2,142,0,0,0,2,0,0,0,14.4,9.4,9,3.3,0,1,0
KantéCHEMID,Kanté,CHE,MID,5,0.0790,1,2,107,0,0,0,1,0,0,0,23,19.3,18,6,0,1,0
AbrahamCHEFWD,Abraham,CHE,FWD,7,0.0230,1,2,94,0,0,0,1,0,0,0,0,12.4,29,3.9,0,1,0
WickhamCRYFWD,Wickham,CRY,FWD,4.5,0.0640,1,2,15,0,0,0,0,0,0,0,0,0.8,2,0.2,0,1,0
AyewCRYFWD,Ayew,CRY,FWD,5,0.0300,1,2,64,0,0,1,0,0,0,0,9,12.8,19,4.1,0,2,0
KeanEVEFWD,Kean,EVE,FWD,7,0.0520,1,2,39,0,0,0,0,0,0,0,1,0.9,5,0.5,0,1,0
FuchsLEIDEF,Fuchs,LEI,DEF,4.5,0.0040,1,2,90,0,0,0,0,0,0,0,20.2,22.1,1,4.3,0,2,0
AlbrightonLEIMID,Albrighton,LEI,MID,5.5,0.0030,1,2,24,0,0,0,0,0,0,0,4.6,26,11,4.1,0,1,0
GomezLIVDEF,Gomez,LIV,DEF,5.5,0.0190,1,2,90,0,0,0,0,0,0,0,14,11.8,0,2.6,0,2,0
MatipLIVDEF,Matip,LIV,DEF,5.4,0.0100,1,2,90,0,0,0,0,0,0,0,29.2,1.3,4,3.5,0,2,0
ChamberlainLIVMID,Chamberlain,LIV,MID,6.4,0.0040,1,2,88,0,0,0,0,0,0,0,8.8,13.2,12,3.4,0,2,0
Bernardo SilvaMCIMID,Bernardo Silva,MCI,MID,7.9,0.1900,1,2,79,0,0,0,0,0,0,0,7.6,21.4,91,12,0,2,0
MataMUNMID,Mata,MUN,MID,6.5,0.0040,1,2,13,0,0,0,0,0,0,0,0.2,1.6,0,0.2,0,1,0
GreenwoodMUNFWD,Greenwood,MUN,FWD,4.5,0.1580,1,2,5,0,0,0,0,0,0,0,2.2,2.6,18,2.3,0,1,0
DummettNEWDEF,Dummett,NEW,DEF,4.5,0.0020,1,2,180,0,0,0,1,0,0,0,35.6,2,33,7.1,0,1,0
ManquilloNEWDEF,Manquillo,NEW,DEF,4.5,0.0020,1,2,90,0,0,0,0,0,0,0,8.6,11.1,2,2.2,0,2,0
Ki Sung-yuengNEWMID,Ki Sung-yueng,NEW,MID,5,0.0010,1,2,73,0,0,0,0,0,0,0,8.4,16.1,0,2.5,0,2,0
GodfreyNORDEF,Godfrey,NOR,DEF,4.5,0.0020,1,2,180,0,0,0,0,0,0,0,41.6,0.4,7,4.9,0,1,0
McLeanNORMID,McLean,NOR,MID,5,0.0020,1,2,90,0,0,0,0,0,0,0,11.4,0.6,0,1.2,0,2,0
LeitnerNORMID,Leitner,NOR,MID,4.5,0.0030,1,2,122,0,0,0,1,0,0,0,18.2,19,8,4.5,0,1,0
KrulNORGKP,Krul,NOR,GKP,4.5,0.0130,1.5,3,180,0,0,0,0,0,6,0,56,0,0,5.6,0,1.5,0
FreemanSHUMID,Freeman,SHU,MID,5.5,0.0010,1.5,3,73,0,0,1,1,0,0,0,10.4,19.4,10,4,0,1.5,0
RobinsonSHUMID,Robinson,SHU,MID,5.5,0.0080,1.5,3,145,0,0,0,0,0,0,0,4.6,3.2,50,5.8,0,1.5,0
GunnSOUGKP,Gunn,SOU,GKP,4.5,0.0080,1.5,3,180,0,0,0,0,0,5,0,40,0,0,4,0,1.5,0
HøjbjergSOUMID,Højbjerg,SOU,MID,5,0.0070,1.5,3,107,0,0,0,0,0,0,0,12,6.3,25,4.2,0,1.5,0
Oriol RomeuSOUMID,Oriol Romeu,SOU,MID,4.5,0.0130,1.5,3,153,0,0,0,1,0,0,0,25.2,27,11,6.3,0,1.5,0
AlderweireldTOTDEF,Alderweireld,TOT,DEF,5.5,0.0710,1.5,3,180,0,0,0,0,0,0,0,48.6,26.6,8,8.3,0,1.5,0
RoseTOTDEF,Rose,TOT,DEF,5.5,0.0250,1.5,3,180,0,0,0,0,0,0,0,33.8,53.3,2,8.9,0,1.5,0
SánchezTOTDEF,Sánchez,TOT,DEF,5.5,0.0120,1.5,3,180,0,0,0,0,0,0,0,48.6,11.8,21,8.1,0,1.5,0
Walker-PetersTOTDEF,Walker-Peters,TOT,DEF,5,0.0360,1.5,3,180,0,0,0,0,0,0,0,44.2,20.2,14,7.9,0,1.5,0
EriksenTOTMID,Eriksen,TOT,MID,8.9,0.0540,1.5,3,116,0,0,0,0,0,0,0,19.2,54.5,20,9.3,0,1.5,0
WinksTOTMID,Winks,TOT,MID,5.5,0.0040,1.5,3,118,0,0,0,0,0,0,0,20.2,30.4,1,5.1,0,1.5,0
FosterWATGKP,Foster,WAT,GKP,5,0.0250,1.5,3,180,0,0,0,0,0,2,0,20.6,0,0,2.1,0,1.5,0
Kiko FemeníaWATDEF,Kiko Femenía,WAT,DEF,4.5,0.0070,1.5,3,180,0,0,0,0,0,0,0,36.6,36.8,15,8.8,0,1.5,0
CathcartWATDEF,Cathcart,WAT,DEF,4.5,0.0360,1.5,3,180,0,0,0,0,0,0,0,31.6,1.2,0,3.3,0,1.5,0
DawsonWATDEF,Dawson,WAT,DEF,5,0.0030,1.5,3,180,0,0,0,0,0,0,0,43.8,0.6,44,8.9,0,1.5,0
CapoueWATMID,Capoue,WAT,MID,5,0.0090,1.5,3,172,0,0,0,1,0,0,0,13.8,4.8,11,3,0,1.5,0
DeulofeuWATFWD,Deulofeu,WAT,FWD,6.4,0.0440,1.5,3,123,0,0,0,0,0,0,0,9,34.8,15,5.6,0,1.5,0
GrayWATFWD,Gray,WAT,FWD,5.9,0.0070,1.5,3,81,0,0,0,0,0,0,0,3.4,13.8,17,3.4,0,1.5,0
SnodgrassWHUMID,Snodgrass,WHU,MID,5.5,0.0030,1.5,3,124,0,0,0,0,0,0,0,16.4,21.3,21,5.9,0,1.5,0
RiceWHUMID,Rice,WHU,MID,5,0.0260,1.5,3,180,0,0,0,1,0,0,0,24.2,13.7,1,3.9,0,1.5,0
FornalsWHUMID,Fornals,WHU,MID,6.5,0.0080,1.5,3,121,0,0,0,0,0,0,0,11.2,4.2,3,1.8,0,1.5,0
MkhitaryanARSMID,Mkhitaryan,ARS,MID,7,0.0210,1,2,83,0,0,1,1,0,0,0,0.2,19.4,22,4.2,0,2,0
XhakaARSMID,Xhaka,ARS,MID,5.5,0.0120,1,2,90,0,0,1,1,0,0,0,15.8,24.2,5,4.5,0,2,0
PépéARSMID,Pépé,ARS,MID,9.4,0.0400,1,2,64,0,0,0,0,0,0,0,16.8,27.9,9,5.4,0,1,0
TaylorAVLDEF,Taylor,AVL,DEF,4.5,0.0020,1,2,180,0,0,0,0,0,0,0,37.2,17.9,24,7.9,0,1,0
EngelsAVLDEF,Engels,AVL,DEF,4.5,0.0010,1,2,180,0,0,0,0,0,0,0,42,0.6,9,5.2,0,1,0
HourihaneAVLMID,Hourihane,AVL,MID,6,0.0020,1,2,81,0,0,0,0,0,0,0,16.4,10.8,0,2.7,0,2,0
JotaAVLMID,Jota,AVL,MID,5.9,0.0020,1,2,46,0,0,0,0,0,0,0,9.6,12.6,7,2.9,0,1,0
DanielsBOUDEF,Daniels,BOU,DEF,4.5,0.0030,1,2,90,0,0,0,0,0,0,0,22.4,29.6,0,5.2,0,2,0
HaydenNEWMID,Hayden,NEW,MID,4.5,0.0680,2,4,180,0,0,0,0,0,0,0,34.2,26.7,10,7.1,0,2,0
StiepermannNORMID,Stiepermann,NOR,MID,5.5,0.0010,2,4,140,0,0,1,0,0,0,0,13.2,19.2,42,7.4,0,2,0
McGoldrickSHUFWD,McGoldrick,SHU,FWD,5.5,0.0030,2,4,150,0,0,1,0,0,0,0,11.6,7.8,61,8,0,2,0
RedmondSOUMID,Redmond,SOU,MID,6.5,0.0180,2,4,180,0,0,0,0,0,0,0,7,26,40,7.4,0,2,0
Ward-ProwseSOUMID,Ward-Prowse,SOU,MID,6,0.0080,2,4,180,0,0,0,0,0,0,0,22,44.6,19,8.6,0,2,0
AdamsSOUFWD,Adams,SOU,FWD,6,0.0110,2,4,139,0,0,0,0,0,0,0,0.2,14,37,4.4,0,2,0
HughesWATMID,Hughes,WAT,MID,5.5,0.0020,2,4,156,0,0,0,0,0,0,0,10,10.1,12,3.2,0,2,0
DeeneyWATFWD,Deeney,WAT,FWD,6.4,0.0240,2,4,180,0,0,0,0,0,0,0,16.6,24.3,46,8.7,0,2,0
FabianskiWHUGKP,Fabianski,WHU,GKP,5,0.0490,2,4,180,0,0,0,0,0,7,0,51.6,0,0,5.1,0,2,0
JiménezWOLFWD,Jiménez,WOL,FWD,7.5,0.1890,2,4,180,0,0,1,0,0,0,0,24.4,14.7,52,9.1,0,2,0
JotaWOLFWD,Jota,WOL,FWD,6.5,0.1120,2,4,160,0,0,1,0,0,0,0,4.6,25.6,37,6.7,0,2,0
NelsonARSMID,Nelson,ARS,MID,5.5,0.0020,1.5,3,115,0,0,1,1,0,0,0,14.4,41.1,41,9.7,0,1.5,0
HeatonAVLGKP,Heaton,AVL,GKP,4.5,0.0660,1.5,3,180,0,0,0,0,0,5,0,36.4,0,0,3.6,0,1.5,0
TrézéguetAVLMID,Trézéguet,AVL,MID,5.5,0.0280,1.5,3,144,0,0,0,0,0,0,0,22.8,22,96,14.1,0,1.5,0
AkéBOUDEF,Aké,BOU,DEF,5,0.1620,1.5,3,180,0,0,0,1,0,0,0,37,21.7,40,9.9,0,1.5,0
Adam SmithBOUDEF,Adam Smith,BOU,DEF,4.5,0.0140,1.5,3,180,0,0,0,1,0,0,0,15.6,8.2,8,3.1,0,1.5,0
FraserBOUMID,Fraser,BOU,MID,7.4,0.1360,1.5,3,180,0,0,0,1,0,0,0,12.4,56.1,40,10.8,0,1.5,0
PulisicCHEMID,Pulisic,CHE,MID,7.5,0.0850,1.5,3,102,0,0,0,0,0,0,0,12.2,15.3,12,4,0,1.5,0
KovacicCHEMID,Kovacic,CHE,MID,5.5,0.0120,1.5,3,109,0,0,0,0,0,0,0,20,26.7,0,4.7,0,1.5,0
GiroudCHEFWD,Giroud,CHE,FWD,7,0.0250,1.5,3,85,0,0,1,0,0,0,0,12.4,34.4,21,6.7,0,1.5,0
ZahaCRYMID,Zaha,CRY,MID,7,0.1660,1.5,3,115,0,0,0,0,0,0,0,9,15.6,60,8.4,0,1.5,0
André GomesEVEMID,André Gomes,EVE,MID,5.4,0.0090,1.5,3,135,0,0,1,1,0,0,0,21,33.2,0,5.4,0,1.5,0
FabinhoLIVMID,Fabinho,LIV,MID,5.5,0.0120,1.5,3,106,0,0,0,0,0,0,0,30,12.1,7,4.9,0,1.5,0
HendersonLIVMID,Henderson,LIV,MID,5.5,0.0100,1.5,3,91,0,0,0,0,0,0,0,12.2,9.5,41,6.2,0,1.5,0
GündoganMCIMID,Gündogan,MCI,MID,5.5,0.0250,1.5,3,101,0,0,0,0,0,0,0,11,44.1,16,7.1,0,1.5,0
RitchieNEWDEF,Ritchie,NEW,DEF,5.5,0.0050,1.5,3,180,0,0,0,0,0,0,0,27.8,67.7,12,10.7,0,1.5,0
SchärNEWDEF,Schär,NEW,DEF,5,0.0160,1.5,3,180,0,0,0,0,0,0,0,48.8,2.3,22,7.3,0,1.5,0
LascellesNEWDEF,Lascelles,NEW,DEF,4.5,0.0680,1.5,3,180,0,0,0,0,0,0,0,34,0.5,18,5.3,0,1.5,0
AlmirónNEWMID,Almirón,NEW,MID,6,0.0080,1.5,3,180,0,0,0,1,0,0,0,3.4,16.4,27,4.7,0,1.5,0
JoelintonNEWFWD,Joelinton,NEW,FWD,6,0.0210,1.5,3,156,0,0,0,1,0,0,0,2,12.3,12,2.6,0,1.5,0
TownsendCRYMID,Townsend,CRY,MID,6,0.0330,2.5,5,159,0,0,1,0,0,0,0,26.4,15.3,14,5.6,0,2.5,1
McArthurCRYMID,McArthur,CRY,MID,5.5,0.0160,2.5,5,171,0,0,1,0,0,0,0,30.8,14.7,0,4.6,0,2.5,1
ChoudhuryLEIMID,Choudhury,LEI,MID,4.5,0.0100,2.5,5,132,0,0,1,0,0,0,0,16,24.1,18,5.8,0,2.5,1
PérezLEIMID,Pérez,LEI,MID,6.5,0.1340,2.5,5,154,0,0,1,0,0,0,0,11.4,13.7,43,6.9,0,2.5,1
TielemansLEIMID,Tielemans,LEI,MID,6.5,0.0530,2.5,5,180,0,0,1,0,0,0,0,18.8,38.5,59,11.6,0,2.5,1
RodrigoMCIMID,Rodrigo,MCI,MID,5.5,0.0170,2.5,5,167,0,0,1,0,0,0,0,35.6,27.3,7,7,0,2.5,1
McTominayMUNMID,McTominay,MUN,MID,5,0.0080,2.5,5,180,0,0,1,0,0,0,0,18.2,5.1,14,3.7,0,2.5,1
LongstaffNEWMID,Longstaff,NEW,MID,5,0.0070,2.5,5,82,0,1,0,1,0,0,0,22.6,13.3,0,3.6,0,2.5,1
TrybullNORMID,Trybull,NOR,MID,4.5,0.0110,2.5,5,155,0,0,1,0,0,0,0,24,13.9,8,4.6,0,2.5,1
NorwoodSHUMID,Norwood,SHU,MID,5,0.0040,2.5,5,180,0,0,1,0,0,0,0,34.6,83.1,8,12.6,0,2.5,1
DendonckerWOLMID,Dendoncker,WOL,MID,4.5,0.1580,2.5,5,180,0,0,1,0,0,0,0,17,25,31,7.3,0,2.5,1
El GhaziAVLMID,El Ghazi,AVL,MID,5.5,0.0040,2,4,164,0,0,0,0,0,0,0,1.8,16.4,51,7,0,2,0
WesleyAVLFWD,Wesley,AVL,FWD,6,0.0110,2,4,163,0,0,0,0,0,0,0,10.8,12.3,48,7.1,0,2,0
Steve CookBOUDEF,Steve Cook,BOU,DEF,5,0.0020,2,4,180,0,0,0,0,0,0,0,43,0.2,4,4.7,0,2,0
LermaBOUMID,Lerma,BOU,MID,5,0.0020,2,4,180,0,0,0,0,0,0,0,22,5.6,9,3.6,0,2,0
MurrayBHAFWD,Murray,BHA,FWD,6,0.0300,2,4,136,0,0,1,0,0,0,0,4.2,16.4,12,3.2,0,2,0
WoodBURFWD,Wood,BUR,FWD,6.4,0.0110,2,4,150,0,0,1,0,0,0,0,1.4,13.5,16,3,0,2,0
PedroCHEMID,Pedro,CHE,MID,7,0.0410,2,4,180,0,0,0,0,0,0,0,31.6,81.9,29,14.2,0,2,0
MilivojevicCRYMID,Milivojevic,CRY,MID,7,0.0700,2,4,180,0,0,1,1,0,0,0,10.2,36.6,8,5.4,0,2,0
MeyerCRYMID,Meyer,CRY,MID,5.5,0.0020,2,4,154,0,0,1,1,0,0,0,18.2,3.6,57,7.9,0,2,0
BentekeCRYFWD,Benteke,CRY,FWD,6,0.0110,2,4,172,0,0,1,0,0,0,0,21.2,27.3,23,7.2,0,2,0
GbaminEVEMID,Gbamin,EVE,MID,5,0.0010,2,4,135,0,0,1,0,0,0,0,20,6.3,0,2.6,0,2,0
Calvert-LewinEVEFWD,Calvert-Lewin,EVE,FWD,6,0.0170,2,4,139,0,0,2,0,0,0,0,5.8,11.9,8,2.6,0,2,0
VardyLEIFWD,Vardy,LEI,FWD,9,0.0840,2,4,180,0,0,1,0,0,0,0,6.8,7.2,14,2.5,0,2,0
AdriánLIVGKP,Adrián,LIV,GKP,4.5,0.0320,2,4,141,0,0,0,0,0,5,0,22.8,0,0,2.3,0,2,0
RobertsonLIVDEF,Robertson,LIV,DEF,7,0.2810,2,4,180,0,0,0,0,0,0,0,36.2,43,28,10.7,0,2,0
WijnaldumLIVMID,Wijnaldum,LIV,MID,5.5,0.0260,2,4,180,0,0,0,0,0,0,0,14.8,7.6,6,2.8,0,2,0
David SilvaMCIMID,David Silva,MCI,MID,7.5,0.0420,2,4,91,0,0,1,0,0,0,0,7.2,32.9,17,5.8,0,2,0
LingardMUNMID,Lingard,MUN,MID,6.5,0.0170,2,4,165,0,0,1,1,0,0,0,5.8,16.9,4,2.7,0,2,0
DubravkaNEWGKP,Dubravka,NEW,GKP,5,0.0100,2,4,180,0,0,0,0,0,6,0,49.6,0,0,5,0,2,0
LowtonBURDEF,Lowton,BUR,DEF,4.5,0.0040,3.5,7,180,0,0,1,0,0,0,0,24.4,30.7,3,5.9,0,3.5,1
MilnerLIVMID,Milner,LIV,MID,5.5,0.0090,3.5,7,77,0,1,1,0,0,0,0,20.6,24.4,17,6.3,0,3.5,1
LaporteMCIDEF,Laporte,MCI,DEF,6.5,0.0850,3.5,7,180,0,0,1,0,0,0,0,39.8,2.6,17,5.9,0,3.5,1
ZinchenkoMCIDEF,Zinchenko,MCI,DEF,5.5,0.1130,3.5,7,180,0,0,1,0,0,0,0,33.8,42.8,15,9.2,0,3.5,1
JesusMCIFWD,Jesus,MCI,FWD,9.5,0.0290,3.5,7,92,1,0,1,0,0,0,0,33.4,5.6,90,12.7,0,3.5,1
LindelöfMUNDEF,Lindelöf,MUN,DEF,5.5,0.0130,3.5,7,180,0,0,1,1,0,0,0,36.4,1,0,3.8,0,3.5,1
JamesMUNMID,James,MUN,MID,6,0.0270,3.5,7,104,1,0,0,1,0,0,0,35.8,6.9,37,8,0,3.5,1
PereiraMUNMID,Pereira,MUN,MID,5,0.0110,3.5,7,74,0,1,1,0,0,0,0,22,20.4,4,4.6,0,3.5,1
BaldockSHUDEF,Baldock,SHU,DEF,4.5,0.0020,3.5,7,180,0,0,1,1,0,0,0,14.8,12.1,7,3.4,0,3.5,1
SissokoTOTMID,Sissoko,TOT,MID,5,0.0270,3.5,7,180,0,1,0,0,0,0,0,24.6,22,51,9.8,0,3.5,1
DohertyWOLDEF,Doherty,WOL,DEF,6,0.0370,3.5,7,135,0,0,1,0,0,0,0,0,2.6,0,0.3,0,3.5,1
JonnyWOLDEF,Jonny,WOL,DEF,5.5,0.0120,3.5,7,180,0,0,1,1,0,0,0,29.6,15.1,23,6.7,0,3.5,1
BennettWOLDEF,Bennett,WOL,DEF,5,0.0070,3.5,7,180,0,0,1,1,0,0,0,23.6,1.3,10,3.5,0,3.5,1
ChambersARSDEF,Chambers,ARS,DEF,4.5,0.0110,3,6,90,0,0,1,0,0,0,0,13,0.2,0,1.3,0,6,1
RamsdaleBOUGKP,Ramsdale,BOU,GKP,4.5,0.0020,3,6,180,0,0,0,0,0,8,0,49.6,0,0,5,0,3,1
RicharlisonEVEMID,Richarlison,EVE,MID,8,0.0840,3,6,152,0,0,2,0,0,0,0,12.2,19.7,62,9.4,0,3,1
SigurdssonEVEMID,Sigurdsson,EVE,MID,8,0.1130,3,6,168,0,0,2,0,0,0,0,13.2,38.9,47,9.9,0,3,1
ChilwellLEIDEF,Chilwell,LEI,DEF,5.5,0.0510,3,6,90,0,0,1,0,0,0,0,5.4,16.8,9,3.1,0,6,1
Alexander-ArnoldLIVDEF,Alexander-Arnold,LIV,DEF,7,0.2340,3,6,180,0,1,0,1,0,0,0,45.4,65.8,16,12.7,0,3,1
StonesMCIDEF,Stones,MCI,DEF,5.5,0.0330,3,6,90,0,0,1,0,0,0,0,18.8,0.8,0,2,0,6,1
LewisNORDEF,Lewis,NOR,DEF,4.5,0.0030,3,6,179,0,0,1,0,0,0,0,41.8,32.3,4,7.8,0,3,1
BuendíaNORMID,Buendía,NOR,MID,6,0.0080,3,6,180,0,1,0,1,0,0,0,49.4,103.3,32,18.5,0,3,1
LlorisTOTGKP,Lloris,TOT,GKP,5.5,0.0890,3,6,180,0,0,0,0,0,11,0,78,0,0,7.8,0,3,1
GuendouziARSMID,Guendouzi,ARS,MID,4.5,0.0700,2.5,5,180,0,0,1,0,0,0,0,42,18.3,17,7.8,0,2.5,1
WillockARSMID,Willock,ARS,MID,5,0.0030,2.5,5,153,0,0,1,0,0,0,0,18.6,30,28,7.7,0,2.5,1
El MohamadyAVLDEF,El Mohamady,AVL,DEF,4.5,0.0190,2.5,5,180,0,0,0,0,0,0,3,50.2,71.6,2,12.3,0,2.5,1
MarchBHAMID,March,BHA,MID,5,0.0050,2.5,5,180,0,0,1,0,0,0,0,35.6,33.2,21,9,0,2.5,1
StephensBHAMID,Stephens,BHA,MID,4.5,0.0360,2.5,5,180,0,0,1,0,0,0,0,37.6,13.9,15,6.6,0,2.5,1
WestwoodBURMID,Westwood,BUR,MID,5.5,0.0070,2.5,5,180,0,0,1,0,0,0,0,19.2,34.1,4,5.7,0,2.5,1
CorkBURMID,Cork,BUR,MID,5,0.0030,2.5,5,180,0,0,1,0,0,0,0,18.6,3.9,28,5,0,2.5,1
GrealishAVLMID,Grealish,AVL,MID,6,0.0580,4,8,180,0,1,0,0,0,0,1,61,92.1,11,16.4,0,4,1
WilsonBOUMID,Wilson,BOU,MID,6,0.0120,4,8,75,1,0,0,0,0,0,1,33.4,4.3,40,7.8,0,8,1
KingBOUFWD,King,BOU,FWD,6.5,0.1750,4,8,180,1,0,0,0,0,0,0,45.6,15.9,50,11.1,0,4,1
DuffyBHADEF,Duffy,BHA,DEF,5,0.0290,4,8,180,0,0,1,0,0,0,0,32,1,5,3.8,0,4,1
MontoyaBHADEF,Montoya,BHA,DEF,4.5,0.0090,4,8,180,0,0,1,0,0,0,0,32.4,38.6,4,7.5,0,4,1
BurnBHADEF,Burn,BHA,DEF,4.5,0.0020,4,8,180,0,0,1,0,0,0,0,30.8,26.6,18,7.5,0,4,1
PröpperBHAMID,Pröpper,BHA,MID,5,0.0110,4,8,180,0,1,1,0,0,0,0,48.2,29.4,20,9.8,0,4,1
McNeilBURMID,McNeil,BUR,MID,6,0.0040,4,8,173,0,1,1,0,0,0,0,23.4,32.1,29,8.4,0,4,1
GuaitaCRYGKP,Guaita,CRY,GKP,5,0.0050,4,8,180,0,0,1,0,0,4,0,37.6,0,0,3.8,0,4,1
van AanholtCRYDEF,van Aanholt,CRY,DEF,5.5,0.0600,4,8,180,0,0,1,0,0,0,0,27.2,14.9,2,4.4,0,4,1
WardCRYDEF,Ward,CRY,DEF,4.5,0.0060,4,8,180,0,0,1,0,0,0,0,57.8,4.8,0,6.3,0,4,1
DannCRYDEF,Dann,CRY,DEF,4.5,0.0030,4,8,180,0,0,1,0,0,0,0,36.2,0.4,38,7.5,0,4,1
KellyCRYDEF,Kelly,CRY,DEF,4,0.2620,4,8,180,0,0,1,0,0,0,0,42.6,0.8,2,4.6,0,4,1
SöyüncüLEIDEF,Söyüncü,LEI,DEF,4.5,0.0080,4,8,180,0,0,1,0,0,0,0,44.6,1,4,5,0,4,1
MaddisonLEIMID,Maddison,LEI,MID,7,0.0970,4,8,180,0,1,1,0,0,0,0,24.4,101.7,29,15.5,0,4,1
EdersonMCIGKP,Ederson,MCI,GKP,6.1,0.2300,4,8,180,0,0,1,0,0,3,0,33.8,0,0,3.4,0,4,1
MaguireMUNDEF,Maguire,MUN,DEF,5.5,0.1930,4,8,180,0,0,1,0,0,0,0,57.6,22.3,12,9.2,0,4,1
ShawMUNDEF,Shaw,MUN,DEF,5.5,0.0200,4,8,180,0,0,1,0,0,0,0,30.2,32.7,4,6.7,0,4,1
O'ConnellSHUDEF,O'Connell,SHU,DEF,4.5,0.0040,4,8,180,0,0,1,0,0,0,0,38.2,5.8,55,9.9,0,4,1
EganSHUDEF,Egan,SHU,DEF,4.5,0.0020,4,8,180,0,0,1,0,0,0,0,31.4,0.3,2,3.4,0,4,1
BashamSHUDEF,Basham,SHU,DEF,4.5,0.0020,4,8,171,0,0,1,0,0,0,0,37.2,12.3,8,5.7,0,4,1
SharpSHUFWD,Sharp,SHU,FWD,6,0.0130,4,8,8,1,0,0,0,0,0,3,32.4,0.5,35,6.8,0,8,1
IngsSOUFWD,Ings,SOU,FWD,6,0.0200,4,8,91,1,0,0,0,0,0,1,34,11.8,59,10.5,0,4,1
CoadyWOLDEF,Coady,WOL,DEF,5,0.0160,4,8,180,0,0,1,0,0,0,0,23.8,0.1,0,2.4,0,4,1
MingsAVLDEF,Mings,AVL,DEF,4.5,0.0230,3.5,7,180,0,1,0,0,0,0,2,98.2,24.4,2,12.5,0,3.5,1
TrossardBHAMID,Trossard,BHA,MID,6,0.0080,3.5,7,84,1,0,0,0,0,0,0,31.8,2.3,35,6.9,0,7,1
AndoneBHAFWD,Andone,BHA,FWD,5,0.0210,3.5,7,42,1,0,0,0,0,0,1,44,11,19,7.5,0,3.5,1
MaupayBHAFWD,Maupay,BHA,FWD,6,0.0080,3.5,7,49,1,0,0,0,0,0,1,0.2,5.8,14,2,0,3.5,1
MeeBURDEF,Mee,BUR,DEF,5,0.0090,3.5,7,180,0,0,1,0,0,0,0,42.8,20.7,33,9.6,0,3.5,1
TarkowskiBURDEF,Tarkowski,BUR,DEF,5,0.0170,3.5,7,180,0,0,1,0,0,0,0,29.6,0.3,62,9.2,0,3.5,1
RyanBHAGKP,Ryan,BHA,GKP,4.5,0.1560,5.5,11,180,0,0,1,0,0,5,2,44.8,0,0,4.4,0,5.5,1
PopeBURGKP,Pope,BUR,GKP,4.5,0.0830,5.5,11,180,0,0,1,0,0,10,1,79.6,20.3,2,10.2,0,5.5,1
GudmundssonBURMID,Gudmundsson,BUR,MID,6,0.0180,5.5,11,161,1,0,1,0,0,0,1,64.6,96.2,26,18.7,0,5.5,1
ColemanEVEDEF,Coleman,EVE,DEF,5.5,0.0370,5.5,11,180,0,0,2,1,0,0,0,27.8,4.5,22,5.4,0,5.5,1
PereiraLEIDEF,Pereira,LEI,DEF,6,0.0580,5.5,11,180,0,0,1,0,0,0,3,53.6,23.2,12,8.8,0,5.5,1
AgüeroMCIFWD,Agüero,MCI,FWD,12,0.1640,5.5,11,86,2,0,0,0,0,0,0,64.8,11.2,68,14.4,0,5.5,1
HendersonSHUGKP,Henderson,SHU,GKP,4.5,0.0170,5.5,11,180,0,0,1,0,0,6,2,35.8,0,0,3.6,1,5.5,1
Lucas MouraTOTMID,Lucas Moura,TOT,MID,7.5,0.1040,5.5,11,124,1,1,0,0,0,0,0,59.6,39.5,98,19.7,0,5.5,1
BolyWOLDEF,Boly,WOL,DEF,5,0.0710,5.5,11,180,0,0,1,0,0,0,3,40,0.6,4,4.5,0,5.5,1
MoutinhoWOLMID,Moutinho,WOL,MID,5.5,0.0630,5.5,11,180,0,1,1,0,0,0,3,57.8,68.6,0,12.7,0,5.5,1
LenoARSGKP,Leno,ARS,GKP,5,0.0700,5,10,180,0,0,1,0,0,5,1,44.4,0,0,4.4,0,5,1
SokratisARSDEF,Sokratis,ARS,DEF,5,0.0200,5,10,180,0,0,1,0,0,0,2,44.2,11.8,2,5.8,0,5,1
Douglas LuizAVLMID,Douglas Luiz,AVL,MID,4.5,0.0150,5,10,98,1,0,0,0,0,0,2,57.6,23.6,15,9.7,0,5,1
MephamBOUDEF,Mepham,BOU,DEF,4.5,0.0170,5,10,90,1,0,0,0,0,0,2,47.4,1.2,68,11.7,1,10,1
WilsonBOUFWD,Wilson,BOU,FWD,8,0.1550,5,10,179,0,2,0,0,0,0,0,13.8,54.4,61,13,0,5,1
EvansLEIDEF,Evans,LEI,DEF,5,0.0100,5,10,180,0,0,1,0,0,0,2,43.8,0.6,9,5.4,0,5,1
van DijkLIVDEF,van Dijk,LIV,DEF,6.5,0.5220,5,10,180,1,0,0,0,0,0,0,83.2,1.9,23,10.8,0,5,1
LanziniWHUMID,Lanzini,WHU,MID,6.5,0.0150,5,10,180,0,1,0,0,0,0,3,44.4,55.6,28,12.8,0,5,1
MonrealARSDEF,Monreal,ARS,DEF,5,0.0130,4.5,9,180,0,0,1,0,0,0,1,37.4,39.6,8,8.5,0,4.5,1
McGinnAVLMID,McGinn,AVL,MID,5.6,0.0540,4.5,9,180,1,0,0,0,0,0,0,63.2,43.8,67,17.4,0,4.5,1
GroßBHAMID,Groß,BHA,MID,6.5,0.0140,4.5,9,156,0,1,1,0,0,0,1,23.8,83.6,31,13.9,0,4.5,1
SchmeichelLEIGKP,Schmeichel,LEI,GKP,5,0.0630,4.5,9,180,0,0,1,0,0,6,0,52.4,0,0,5.3,0,4.5,1
WalkerMCIDEF,Walker,MCI,DEF,6,0.2010,4.5,9,180,0,1,1,1,0,0,0,46.8,53.8,24,12.5,0,4.5,1
Wan-BissakaMUNDEF,Wan-Bissaka,MUN,DEF,5.5,0.3630,4.5,9,180,0,0,1,1,0,0,2,58.4,27.1,7,9.3,0,4.5,1
PogbaMUNMID,Pogba,MUN,MID,8.6,0.1060,4.5,9,180,0,2,1,0,0,0,0,59.6,66.1,33,15.9,0,4.5,1
ShelveyNEWMID,Shelvey,NEW,MID,5,0.0040,4.5,9,143,1,0,0,0,0,0,1,52.4,45.3,47,14.5,0,4.5,1
StevensSHUDEF,Stevens,SHU,DEF,5,0.0040,4.5,9,180,0,0,1,0,0,0,1,26.6,16.3,22,6.5,1,4.5,1
ChicharitoWHUFWD,Chicharito,WHU,FWD,6,0.0140,4.5,9,106,1,0,0,0,0,0,2,35.6,2.2,39,7.7,1,4.5,1
NevesWOLMID,Neves,WOL,MID,5.5,0.0810,4.5,9,170,1,0,1,2,0,0,1,57,12.1,7,7.7,0,4.5,1
LacazetteARSFWD,Lacazette,ARS,FWD,9.5,0.0340,4,8,70,1,0,0,0,0,0,2,36.2,11.8,58,10.6,0,8,1
SterlingMCIMID,Sterling,MCI,MID,12.1,0.4080,13,26,180,4,0,1,2,0,0,3,148,43.3,196,38.7,1,13,1
PukkiNORFWD,Pukki,NOR,FWD,6.7,0.1520,12,24,172,4,0,0,0,0,0,4,151.6,33.8,155,34,1,12,1
RashfordMUNFWD,Rashford,MUN,FWD,8.6,0.2500,9.5,19,173,2,1,1,0,0,0,4,89.6,27.1,67,18.4,1,9.5,1
BarnesBURFWD,Barnes,BUR,FWD,6.6,0.0560,9,18,173,3,0,1,1,0,0,3,109.4,5.3,170,28.5,1,9,1
De BruyneMCIMID,De Bruyne,MCI,MID,9.6,0.2010,9,18,168,0,3,1,0,0,0,4,97,165.1,65,32.7,1,9,1
DigneEVEDEF,Digne,EVE,DEF,6,0.2420,8.5,17,162,0,1,2,0,0,0,2,41.8,46.3,50,13.8,1,8.5,1
LundstramSHUDEF,Lundstram,SHU,DEF,4,0.1150,8.5,17,167,1,0,1,1,0,0,4,58.2,45.7,25,12.9,1,8.5,1
MinaEVEDEF,Mina,EVE,DEF,5.5,0.0350,8,16,180,0,0,2,0,0,0,4,39.8,0.9,0,4.1,0,8,1
PietersBURDEF,Pieters,BUR,DEF,4.5,0.0470,7.5,15,180,0,2,1,0,0,0,2,73.6,30.4,2,10.6,1,7.5,1
SalahLIVMID,Salah,LIV,MID,12.5,0.4210,7.5,15,168,1,1,1,0,0,0,2,57.2,51.5,68,17.7,1,7.5,1
MahrezMCIMID,Mahrez,MCI,MID,8.5,0.0400,7.5,15,100,0,3,1,0,0,0,2,52.8,52.2,45,15,1,7.5,1
KaneTOTFWD,Kane,TOT,FWD,11,0.3010,7.5,15,180,2,0,0,0,0,0,3,64.6,25.9,99,18.9,1,7.5,1
PatrícioWOLGKP,Patrício,WOL,GKP,5,0.0500,7.5,15,180,0,0,1,0,0,2,2,37.6,0,0,3.8,0,7.5,1
Maitland-NilesARSDEF,Maitland-Niles,ARS,DEF,5,0.0520,7,14,180,0,1,1,0,0,0,3,53.8,32.1,7,9.3,1,7,1
DunkBHADEF,Dunk,BHA,DEF,4.5,0.1120,7,14,180,0,1,1,1,0,0,4,53.6,13.8,6,7.3,1,7,1
KeaneEVEDEF,Keane,EVE,DEF,5.5,0.0350,7,14,180,0,0,2,0,0,0,2,55.4,0.7,0,5.6,0,7,1
ManéLIVMID,Mané,LIV,MID,11.5,0.1670,7,14,106,1,1,0,0,0,0,3,70.6,57.3,44,17.2,1,7,1
MartialMUNMID,Martial,MUN,MID,7.6,0.1190,7,14,180,2,0,1,1,0,0,0,78.2,22.6,100,20.1,0,7,1
NdombeleTOTMID,Ndombele,TOT,MID,6.1,0.1030,7,14,180,1,1,0,0,0,0,2,83.8,31.8,14,13,0,7,1
PickfordEVEGKP,Pickford,EVE,GKP,5.5,0.1190,6.5,13,180,0,0,2,0,0,4,1,36.6,0,0,3.7,0,6.5,1
BernardEVEMID,Bernard,EVE,MID,6.5,0.0130,6.5,13,180,1,0,2,1,0,0,3,60,54.4,51,16.5,1,6.5,1
NdidiLEIMID,Ndidi,LEI,MID,5,0.0190,6.5,13,180,1,0,1,0,0,0,3,73.2,15.5,20,10.9,0,6.5,1
FirminoLIVFWD,Firmino,LIV,FWD,9.5,0.1130,6.5,13,175,1,1,0,0,0,0,2,61,22,98,18.1,0,6.5,1
OrigiLIVFWD,Origi,LIV,FWD,5.6,0.0720,6.5,13,84,1,1,0,0,0,0,3,45.6,27,21,9.4,0,6.5,1
LamelaTOTMID,Lamela,TOT,MID,6,0.0140,6.5,13,171,1,1,0,1,0,0,2,69.4,53.4,48,17.1,1,6.5,1
CeballosARSMID,Ceballos,ARS,MID,5.6,0.0850,6,12,108,0,2,0,0,0,0,3,50.8,51.2,20,12.2,1,6,1
AubameyangARSFWD,Aubameyang,ARS,FWD,11,0.2780,6,12,180,2,0,1,1,0,0,1,79.6,25.4,111,21.6,0,6,1
MountCHEMID,Mount,CHE,MID,6,0.0320,6,12,180,1,0,0,0,0,0,3,75.2,74.9,97,24.7,0,6,1
de GeaMUNGKP,de Gea,MUN,GKP,5.6,0.2050,6,12,180,0,0,1,0,0,8,2,56.2,0,0,5.6,1,6,1
CantwellNORMID,Cantwell,NOR,MID,4.5,0.0310,6,12,180,0,2,0,0,0,0,2,62.2,92.2,43,19.8,0,6,1