ID,Player,Team,Position,Cost,Selection,Form,Points,Minutes,Goals,Assists,Clean_Sheets,Goals_Conceded,Own_Goals,Pen_Saved,Yellow,Reds,Saves,Bonus,Bonus_Syst,Influence,Creativity,Threat,ICT_Index,Form,Dream_Team,Form_Value,Season_Value,PPG
Carlos SanchezWHUMID,Carlos Sanchez,WHU,MID,4.5,0.004,0.00,0,0,0,0,0,0,0,0,0,0,0,0,0,0,0,0,0,0,0,0,0,0
DianganaWHUMID,Diangana,WHU,MID,4.5,0.001,0.00,0,0,0,0,0,0,0,0,0,0,0,0,0,0,0,0,0,0,0,0,0,0
ObiangWHUMID,Obiang,WHU,MID,4.5,0.001,0.00,0,0,0,0,0,0,0,0,0,0,0,0,0,0,0,0,0,0,0,0,0,0
ArnautovicWHUFWD,Arnautovic,WHU,FWD,7,0.002,0.00,0,0,0,0,0,0,0,0,0,0,0,0,0,0,0,0,0,0,0,0,0,0
Xande SilvaWHUFWD,Xande Silva,WHU,FWD,4.5,0.024,0.00,0,0,0,0,0,0,0,0,0,0,0,0,0,0,0,0,0,0,0,0,0,0
AjetiWHUFWD,Ajeti,WHU,FWD,6,0.001,0.00,0,0,0,0,0,0,0,0,0,0,0,0,0,0,0,0,0,0,0,0,0,0
RuddyWOLGKP,Ruddy,WOL,GKP,4.5,0.006,0.00,0,0,0,0,0,0,0,0,0,0,0,0,0,0,0,0,0,0,0,0,0,0
NorrisWOLGKP,Norris,WOL,GKP,4,0.008,0.00,0,0,0,0,0,0,0,0,0,0,0,0,0,0,0,0,0,0,0,0,0,0
VinagreWOLDEF,Vinagre,WOL,DEF,4.5,0.003,0.00,0,0,0,0,0,0,0,0,0,0,0,0,0,0,0,0,0,0,0,0,0,0
KilmanWOLDEF,Kilman,WOL,DEF,4,0.019,0.00,0,0,0,0,0,0,0,0,0,0,0,0,0,0,0,0,0,0,0,0,0,0
VallejoWOLDEF,Vallejo,WOL,DEF,5,0.005,0.00,0,0,0,0,0,0,0,0,0,0,0,0,0,0,0,0,0,0,0,0,0,0
Gibbs-WhiteWOLMID,Gibbs-White,WOL,MID,5,0.001,0.00,0,0,0,0,0,0,0,0,0,0,0,0,0,0,0,0,0,0,0,0,0,0
TraoreWOLMID,Traore,WOL,MID,5,0.003,0.00,0,0,0,0,0,0,0,0,0,0,0,0,0,0,0,0,0,0,0,0,0,0
CostaWOLMID,Costa,WOL,MID,5,0.000,0.00,0,0,0,0,0,0,0,0,0,0,0,0,0,0,0,0,0,0,0,0,0,0
CavaleiroWOLMID,Cavaleiro,WOL,MID,5,0.000,0.00,0,0,0,0,0,0,0,0,0,0,0,0,0,0,0,0,0,0,0,0,0,0
NetoWOLMID,Neto,WOL,MID,5,0.000,0.00,0,0,0,0,0,0,0,0,0,0,0,0,0,0,0,0,0,0,0,0,0,0
AlliTOTMID,Alli,TOT,MID,8.5,0.006,0.00,0,0,0,0,0,0,0,0,0,0,0,0,0,0,0,0,0,0,0,0,0,0
WanyamaTOTMID,Wanyama,TOT,MID,5,0.001,0.00,0,0,0,0,0,0,0,0,0,0,0,0,0,0,0,0,0,0,0,0,0,0
DierTOTMID,Dier,TOT,MID,5,0.002,0.00,0,0,0,0,0,0,0,0,0,0,0,0,0,0,0,0,0,0,0,0,0,0
AmosTOTMID,Amos,TOT,MID,4.5,0.000,0.00,0,0,0,0,0,0,0,0,0,0,0,0,0,0,0,0,0,0,0,0,0,0
Lo CelsoTOTMID,Lo Celso,TOT,MID,7.5,0.006,0.00,0,0,0,0,0,0,0,0,0,0,0,0,0,0,0,0,0,0,0,0,0,0
SessegnonTOTMID,Sessegnon,TOT,MID,5.5,0.003,0.00,0,0,0,0,0,0,0,0,0,0,0,0,0,0,0,0,0,0,0,0,0,0
JanssenTOTFWD,Janssen,TOT,FWD,4.5,0.002,0.00,0,0,0,0,0,0,0,0,0,0,0,0,0,0,0,0,0,0,0,0,0,0
ParrottTOTFWD,Parrott,TOT,FWD,4.5,0.007,0.00,0,0,0,0,0,0,0,0,0,0,0,0,0,0,0,0,0,0,0,0,0,0
DahlbergWATGKP,Dahlberg,WAT,GKP,4.5,0.002,0.00,0,0,0,0,0,0,0,0,0,0,0,0,0,0,0,0,0,0,0,0,0,0
GomesWATGKP,Gomes,WAT,GKP,4.5,0.002,0.00,0,0,0,0,0,0,0,0,0,0,0,0,0,0,0,0,0,0,0,0,0,0
KabaseleWATDEF,Kabasele,WAT,DEF,4.5,0.002,0.00,0,0,0,0,0,0,0,0,0,0,0,0,0,0,0,0,0,0,0,0,0,0
MasinaWATDEF,Masina,WAT,DEF,4.5,0.001,0.00,0,0,0,0,0,0,0,0,0,0,0,0,0,0,0,0,0,0,0,0,0,0
MariappaWATDEF,Mariappa,WAT,DEF,4.5,0.003,0.00,0,0,0,0,0,0,0,0,0,0,0,0,0,0,0,0,0,0,0,0,0,0
JanmaatWATDEF,Janmaat,WAT,DEF,4.5,0.006,0.00,0,0,0,0,0,0,0,0,0,0,0,0,0,0,0,0,0,0,0,0,0,0
NavarroWATDEF,Navarro,WAT,DEF,4,0.001,0.00,0,0,0,0,0,0,0,0,0,0,0,0,0,0,0,0,0,0,0,0,0,0
ProdlWATDEF,Prodl,WAT,DEF,4,0.018,0.00,0,0,0,0,0,0,0,0,0,0,0,0,0,0,0,0,0,0,0,0,0,0
CleverleyWATMID,Cleverley,WAT,MID,5,0.001,0.00,0,0,0,0,0,0,0,0,0,0,0,0,0,0,0,0,0,0,0,0,0,0
SemaWATMID,Sema,WAT,MID,5,0.001,0.00,0,0,0,0,0,0,0,0,0,0,0,0,0,0,0,0,0,0,0,0,0,0
ChalobahWATMID,Chalobah,WAT,MID,4.5,0.003,0.00,0,0,0,0,0,0,0,0,0,0,0,0,0,0,0,0,0,0,0,0,0,0
QuinaWATMID,Quina,WAT,MID,4.5,0.001,0.00,0,0,0,0,0,0,0,0,0,0,0,0,0,0,0,0,0,0,0,0,0,0
SarrWATMID,Sarr,WAT,MID,6.5,0.004,0.00,0,0,0,0,0,0,0,0,0,0,0,0,0,0,0,0,0,0,0,0,0,0
WelbeckWATFWD,Welbeck,WAT,FWD,6,0.002,0.00,0,0,0,0,0,0,0,0,0,0,0,0,0,0,0,0,0,0,0,0,0,0
RobertoWHUGKP,Roberto,WHU,GKP,4.5,0.003,0.00,0,0,0,0,0,0,0,0,0,0,0,0,0,0,0,0,0,0,0,0,0,0
OgbonnaWHUDEF,Ogbonna,WHU,DEF,4.5,0.004,0.00,0,0,0,0,0,0,0,0,0,0,0,0,0,0,0,0,0,0,0,0,0,0
MasuakuWHUDEF,Masuaku,WHU,DEF,4.5,0.004,0.00,0,0,0,0,0,0,0,0,0,0,0,0,0,0,0,0,0,0,0,0,0,0
ZabaletaWHUDEF,Zabaleta,WHU,DEF,4.5,0.008,0.00,0,0,0,0,0,0,0,0,0,0,0,0,0,0,0,0,0,0,0,0,0,0
ReidWHUDEF,Reid,WHU,DEF,4,0.055,0.00,0,0,0,0,0,0,0,0,0,0,0,0,0,0,0,0,0,0,0,0,0,0
JohnsonWHUDEF,Johnson,WHU,DEF,4,0.013,0.00,0,0,0,0,0,0,0,0,0,0,0,0,0,0,0,0,0,0,0,0,0,0
YarmolenkoWHUMID,Yarmolenko,WHU,MID,6,0.002,0.00,0,0,0,0,0,0,0,0,0,0,0,0,0,0,0,0,0,0,0,0,0,0
NobleWHUMID,Noble,WHU,MID,5,0.004,0.00,0,0,0,0,0,0,0,0,0,0,0,0,0,0,0,0,0,0,0,0,0,0
FreemanSHUDEF,Freeman,SHU,DEF,4.5,0.002,0.00,0,0,0,0,0,0,0,0,0,0,0,0,0,0,0,0,0,0,0,0,0,0
StearmanSHUDEF,Stearman,SHU,DEF,4,0.027,0.00,0,0,0,0,0,0,0,0,0,0,0,0,0,0,0,0,0,0,0,0,0,0
JagielkaSHUDEF,Jagielka,SHU,DEF,4.5,0.008,0.00,0,0,0,0,0,0,0,0,0,0,0,0,0,0,0,0,0,0,0,0,0,0
DuffySHUMID,Duffy,SHU,MID,5.5,0.001,0.00,0,0,0,0,0,0,0,0,0,0,0,0,0,0,0,0,0,0,0,0,0,0
MorrisonSHUMID,Morrison,SHU,MID,5,0.002,0.00,0,0,0,0,0,0,0,0,0,0,0,0,0,0,0,0,0,0,0,0,0,0
OsbornSHUMID,Osborn,SHU,MID,5,0.000,0.00,0,0,0,0,0,0,0,0,0,0,0,0,0,0,0,0,0,0,0,0,0,0
BesicSHUMID,Besic,SHU,MID,4.5,0.003,0.00,0,0,0,0,0,0,0,0,0,0,0,0,0,0,0,0,0,0,0,0,0,0
MoussetSHUFWD,Mousset,SHU,FWD,5,0.005,0.00,0,0,0,0,0,0,0,0,0,0,0,0,0,0,0,0,0,0,0,0,0,0
ForsterSOUGKP,Forster,SOU,GKP,4.5,0.011,0.00,0,0,0,0,0,0,0,0,0,0,0,0,0,0,0,0,0,0,0,0,0,0
McCarthySOUGKP,McCarthy,SOU,GKP,4.5,0.008,0.00,0,0,0,0,0,0,0,0,0,0,0,0,0,0,0,0,0,0,0,0,0,0
YoshidaSOUDEF,Yoshida,SOU,DEF,4.5,0.004,0.00,0,0,0,0,0,0,0,0,0,0,0,0,0,0,0,0,0,0,0,0,0,0
RamsaySOUDEF,Ramsay,SOU,DEF,4,0.013,0.00,0,0,0,0,0,0,0,0,0,0,0,0,0,0,0,0,0,0,0,0,0,0
HoedtSOUDEF,Hoedt,SOU,DEF,4.5,0.001,0.00,0,0,0,0,0,0,0,0,0,0,0,0,0,0,0,0,0,0,0,0,0,0
CedricSOUDEF,Cedric,SOU,DEF,5,0.003,0.00,0,0,0,0,0,0,0,0,0,0,0,0,0,0,0,0,0,0,0,0,0,0
ElyounoussiSOUMID,Elyounoussi,SOU,MID,5.5,0.001,0.00,0,0,0,0,0,0,0,0,0,0,0,0,0,0,0,0,0,0,0,0,0,0
ArmstrongSOUMID,Armstrong,SOU,MID,5.5,0.002,0.00,0,0,0,0,0,0,0,0,0,0,0,0,0,0,0,0,0,0,0,0,0,0
LeminaSOUMID,Lemina,SOU,MID,5,0.002,0.00,0,0,0,0,0,0,0,0,0,0,0,0,0,0,0,0,0,0,0,0,0,0
JohnsonSOUMID,Johnson,SOU,MID,4.5,0.000,0.00,0,0,0,0,0,0,0,0,0,0,0,0,0,0,0,0,0,0,0,0,0,0
SlatterySOUMID,Slattery,SOU,MID,4.5,0.002,0.00,0,0,0,0,0,0,0,0,0,0,0,0,0,0,0,0,0,0,0,0,0,0
DjenepoSOUMID,Djenepo,SOU,MID,5.5,0.001,0.00,0,0,0,0,0,0,0,0,0,0,0,0,0,0,0,0,0,0,0,0,0,0
AustinSOUFWD,Austin,SOU,FWD,6,0.002,0.00,0,0,0,0,0,0,0,0,0,0,0,0,0,0,0,0,0,0,0,0,0,0
LongSOUFWD,Long,SOU,FWD,5,0.056,0.00,0,0,0,0,0,0,0,0,0,0,0,0,0,0,0,0,0,0,0,0,0,0
GallagherSOUFWD,Gallagher,SOU,FWD,4.5,0.001,0.00,0,0,0,0,0,0,0,0,0,0,0,0,0,0,0,0,0,0,0,0,0,0
GazzanigaTOTGKP,Gazzaniga,TOT,GKP,4.5,0.003,0.00,0,0,0,0,0,0,0,0,0,0,0,0,0,0,0,0,0,0,0,0,0,0
DaviesTOTDEF,Davies,TOT,DEF,5.5,0.002,0.00,0,0,0,0,0,0,0,0,0,0,0,0,0,0,0,0,0,0,0,0,0,0
VertonghenTOTDEF,Vertonghen,TOT,DEF,5.5,0.035,0.00,0,0,0,0,0,0,0,0,0,0,0,0,0,0,0,0,0,0,0,0,0,0
TrippierTOTDEF,Trippier,TOT,DEF,5.5,0.003,0.00,0,0,0,0,0,0,0,0,0,0,0,0,0,0,0,0,0,0,0,0,0,0
FoythTOTDEF,Foyth,TOT,DEF,5,0.000,0.00,0,0,0,0,0,0,0,0,0,0,0,0,0,0,0,0,0,0,0,0,0,0
AurierTOTDEF,Aurier,TOT,DEF,5,0.003,0.00,0,0,0,0,0,0,0,0,0,0,0,0,0,0,0,0,0,0,0,0,0,0
SonTOTMID,Son,TOT,MID,9.5,0.011,0.00,0,0,0,0,0,0,0,0,0,0,0,0,0,0,0,0,0,0,0,0,0,0
LukakuMUNFWD,Lukaku,MUN,FWD,8.5,0.007,0.00,0,0,0,0,0,0,0,0,0,0,0,0,0,0,0,0,0,0,0,0,0,0
DarlowNEWGKP,Darlow,NEW,GKP,4.5,0.002,0.00,0,0,0,0,0,0,0,0,0,0,0,0,0,0,0,0,0,0,0,0,0,0
WoodmanNEWGKP,Woodman,NEW,GKP,4,0.011,0.00,0,0,0,0,0,0,0,0,0,0,0,0,0,0,0,0,0,0,0,0,0,0
YedlinNEWDEF,Yedlin,NEW,DEF,4.5,0.001,0.00,0,0,0,0,0,0,0,0,0,0,0,0,0,0,0,0,0,0,0,0,0,0
FernandezNEWDEF,Fernandez,NEW,DEF,4.5,0.002,0.00,0,0,0,0,0,0,0,0,0,0,0,0,0,0,0,0,0,0,0,0,0,0
LejeuneNEWDEF,Lejeune,NEW,DEF,4.5,0.000,0.00,0,0,0,0,0,0,0,0,0,0,0,0,0,0,0,0,0,0,0,0,0,0
ClarkNEWDEF,Clark,NEW,DEF,4.5,0.002,0.00,0,0,0,0,0,0,0,0,0,0,0,0,0,0,0,0,0,0,0,0,0,0
KrafthNEWDEF,Krafth,NEW,DEF,4.5,0.001,0.00,0,0,0,0,0,0,0,0,0,0,0,0,0,0,0,0,0,0,0,0,0,0
AtsuNEWMID,Atsu,NEW,MID,5.5,0.002,0.00,0,0,0,0,0,0,0,0,0,0,0,0,0,0,0,0,0,0,0,0,0,0
Ki Sung-yuengNEWMID,Ki Sung-yueng,NEW,MID,5,0.001,0.00,0,0,0,0,0,0,0,0,0,0,0,0,0,0,0,0,0,0,0,0,0,0
ColbackNEWMID,Colback,NEW,MID,4.5,0.001,0.00,0,0,0,0,0,0,0,0,0,0,0,0,0,0,0,0,0,0,0,0,0,0
MurphyNEWMID,Murphy,NEW,MID,5,0.000,0.00,0,0,0,0,0,0,0,0,0,0,0,0,0,0,0,0,0,0,0,0,0,0
AaronsNEWMID,Aarons,NEW,MID,5,0.001,0.00,0,0,0,0,0,0,0,0,0,0,0,0,0,0,0,0,0,0,0,0,0,0
MutoNEWFWD,Muto,NEW,FWD,5.5,0.002,0.00,0,0,0,0,0,0,0,0,0,0,0,0,0,0,0,0,0,0,0,0,0,0
JoseluNEWFWD,Joselu,NEW,FWD,5,0.001,0.00,0,0,0,0,0,0,0,0,0,0,0,0,0,0,0,0,0,0,0,0,0,0
CarrollNEWFWD,Carroll,NEW,FWD,5.5,0.002,0.00,0,0,0,0,0,0,0,0,0,0,0,0,0,0,0,0,0,0,0,0,0,0
McGovernNORGKP,McGovern,NOR,GKP,4,0.050,0.00,0,0,0,0,0,0,0,0,0,0,0,0,0,0,0,0,0,0,0,0,0,0
FahrmannNORGKP,Fahrmann,NOR,GKP,4.5,0.006,0.00,0,0,0,0,0,0,0,0,0,0,0,0,0,0,0,0,0,0,0,0,0,0
KloseNORDEF,Klose,NOR,DEF,4.5,0.001,0.00,0,0,0,0,0,0,0,0,0,0,0,0,0,0,0,0,0,0,0,0,0,0
ZimmermannNORDEF,Zimmermann,NOR,DEF,4.5,0.000,0.00,0,0,0,0,0,0,0,0,0,0,0,0,0,0,0,0,0,0,0,0,0,0
ByramNORDEF,Byram,NOR,DEF,4.5,0.002,0.00,0,0,0,0,0,0,0,0,0,0,0,0,0,0,0,0,0,0,0,0,0,0
HeiseNORDEF,Heise,NOR,DEF,4,0.006,0.00,0,0,0,0,0,0,0,0,0,0,0,0,0,0,0,0,0,0,0,0,0,0
VrancicNORMID,Vrancic,NOR,MID,6.5,0.002,0.00,0,0,0,0,0,0,0,0,0,0,0,0,0,0,0,0,0,0,0,0,0,0
TetteyNORMID,Tettey,NOR,MID,4.5,0.002,0.00,0,0,0,0,0,0,0,0,0,0,0,0,0,0,0,0,0,0,0,0,0,0
RobertsNORMID,Roberts,NOR,MID,5.5,0.001,0.00,0,0,0,0,0,0,0,0,0,0,0,0,0,0,0,0,0,0,0,0,0,0
AmadouNORMID,Amadou,NOR,MID,4.5,0.000,0.00,0,0,0,0,0,0,0,0,0,0,0,0,0,0,0,0,0,0,0,0,0,0
SrbenyNORFWD,Srbeny,NOR,FWD,5.5,0.001,0.00,0,0,0,0,0,0,0,0,0,0,0,0,0,0,0,0,0,0,0,0,0,0
EastwoodSHUGKP,Eastwood,SHU,GKP,4.5,0.003,0.00,0,0,0,0,0,0,0,0,0,0,0,0,0,0,0,0,0,0,0,0,0,0
MooreSHUGKP,Moore,SHU,GKP,4.5,0.001,0.00,0,0,0,0,0,0,0,0,0,0,0,0,0,0,0,0,0,0,0,0,0,0
VerripsSHUGKP,Verrips,SHU,GKP,4.5,0.000,0.00,0,0,0,0,0,0,0,0,0,0,0,0,0,0,0,0,0,0,0,0,0,0
ShaqiriLIVMID,Shaqiri,LIV,MID,6.5,0.005,0.00,0,0,0,0,0,0,0,0,0,0,0,0,0,0,0,0,0,0,0,0,0,0
LallanaLIVMID,Lallana,LIV,MID,6,0.001,0.00,0,0,0,0,0,0,0,0,0,0,0,0,0,0,0,0,0,0,0,0,0,0
KeitaLIVMID,Keita,LIV,MID,6,0.006,0.00,0,0,0,0,0,0,0,0,0,0,0,0,0,0,0,0,0,0,0,0,0,0
CamachoLIVMID,Camacho,LIV,MID,4.5,0.000,0.00,0,0,0,0,0,0,0,0,0,0,0,0,0,0,0,0,0,0,0,0,0,0
BrewsterLIVFWD,Brewster,LIV,FWD,4.5,0.006,0.00,0,0,0,0,0,0,0,0,0,0,0,0,0,0,0,0,0,0,0,0,0,0
BravoMCIGKP,Bravo,MCI,GKP,5,0.004,0.00,0,0,0,0,0,0,0,0,0,0,0,0,0,0,0,0,0,0,0,0,0,0
MendyMCIDEF,Mendy,MCI,DEF,6,0.004,0.00,0,0,0,0,0,0,0,0,0,0,0,0,0,0,0,0,0,0,0,0,0,0
OtamendiMCIDEF,Otamendi,MCI,DEF,5.5,0.014,0.00,0,0,0,0,0,0,0,0,0,0,0,0,0,0,0,0,0,0,0,0,0,0
DaniloMCIDEF,Danilo,MCI,DEF,5,0.001,0.00,0,0,0,0,0,0,0,0,0,0,0,0,0,0,0,0,0,0,0,0,0,0
AngeliñoMCIDEF,Angeliño,MCI,DEF,5,0.003,0.00,0,0,0,0,0,0,0,0,0,0,0,0,0,0,0,0,0,0,0,0,0,0
CanceloMCIDEF,Cancelo,MCI,DEF,5.5,0.013,0.00,0,0,0,0,0,0,0,0,0,0,0,0,0,0,0,0,0,0,0,0,0,0
SaneMCIMID,Sane,MCI,MID,9.5,0.006,0.00,0,0,0,0,0,0,0,0,0,0,0,0,0,0,0,0,0,0,0,0,0,0
Bernardo SilvaMCIMID,Bernardo Silva,MCI,MID,8,0.253,0.00,0,0,0,0,0,0,0,0,0,0,0,0,0,0,0,0,0,0,0,0,0,0
FernandinhoMCIMID,Fernandinho,MCI,MID,5.5,0.012,0.00,0,0,0,0,0,0,0,0,0,0,0,0,0,0,0,0,0,0,0,0,0,0
RomeroMUNGKP,Romero,MUN,GKP,5,0.002,0.00,0,0,0,0,0,0,0,0,0,0,0,0,0,0,0,0,0,0,0,0,0,0
GrantMUNGKP,Grant,MUN,GKP,5,0.001,0.00,0,0,0,0,0,0,0,0,0,0,0,0,0,0,0,0,0,0,0,0,0,0
SmallingMUNDEF,Smalling,MUN,DEF,5.5,0.003,0.00,0,0,0,0,0,0,0,0,0,0,0,0,0,0,0,0,0,0,0,0,0,0
YoungMUNDEF,Young,MUN,DEF,5.5,0.005,0.00,0,0,0,0,0,0,0,0,0,0,0,0,0,0,0,0,0,0,0,0,0,0
RojoMUNDEF,Rojo,MUN,DEF,5,0.002,0.00,0,0,0,0,0,0,0,0,0,0,0,0,0,0,0,0,0,0,0,0,0,0
BaillyMUNDEF,Bailly,MUN,DEF,5,0.000,0.00,0,0,0,0,0,0,0,0,0,0,0,0,0,0,0,0,0,0,0,0,0,0
DalotMUNDEF,Dalot,MUN,DEF,5,0.002,0.00,0,0,0,0,0,0,0,0,0,0,0,0,0,0,0,0,0,0,0,0,0,0
DarmianMUNDEF,Darmian,MUN,DEF,5,0.001,0.00,0,0,0,0,0,0,0,0,0,0,0,0,0,0,0,0,0,0,0,0,0,0
JonesMUNDEF,Jones,MUN,DEF,5,0.002,0.00,0,0,0,0,0,0,0,0,0,0,0,0,0,0,0,0,0,0,0,0,0,0
TuanzebeMUNDEF,Tuanzebe,MUN,DEF,4.5,0.001,0.00,0,0,0,0,0,0,0,0,0,0,0,0,0,0,0,0,0,0,0,0,0,0
SanchezMUNMID,Sanchez,MUN,MID,7,0.011,0.00,0,0,0,0,0,0,0,0,0,0,0,0,0,0,0,0,0,0,0,0,0,0
FredMUNMID,Fred,MUN,MID,5.5,0.002,0.00,0,0,0,0,0,0,0,0,0,0,0,0,0,0,0,0,0,0,0,0,0,0
GomesMUNMID,Gomes,MUN,MID,5,0.001,0.00,0,0,0,0,0,0,0,0,0,0,0,0,0,0,0,0,0,0,0,0,0,0
MaticMUNMID,Matic,MUN,MID,5,0.007,0.00,0,0,0,0,0,0,0,0,0,0,0,0,0,0,0,0,0,0,0,0,0,0
ChongMUNMID,Chong,MUN,MID,4.5,0.003,0.00,0,0,0,0,0,0,0,0,0,0,0,0,0,0,0,0,0,0,0,0,0,0
GarnerMUNMID,Garner,MUN,MID,4.5,0.001,0.00,0,0,0,0,0,0,0,0,0,0,0,0,0,0,0,0,0,0,0,0,0,0
CamarasaCRYMID,Camarasa,CRY,MID,5,0.009,0.00,0,0,0,0,0,0,0,0,0,0,0,0,0,0,0,0,0,0,0,0,0,0
StekelenburgEVEGKP,Stekelenburg,EVE,GKP,4,0.088,0.00,0,0,0,0,0,0,0,0,0,0,0,0,0,0,0,0,0,0,0,0,0,0
LosslEVEGKP,Lossl,EVE,GKP,4.5,0.007,0.00,0,0,0,0,0,0,0,0,0,0,0,0,0,0,0,0,0,0,0,0,0,0
BainesEVEDEF,Baines,EVE,DEF,5,0.001,0.00,0,0,0,0,0,0,0,0,0,0,0,0,0,0,0,0,0,0,0,0,0,0
DelphEVEDEF,Delph,EVE,DEF,5.5,0.004,0.00,0,0,0,0,0,0,0,0,0,0,0,0,0,0,0,0,0,0,0,0,0,0
GibsonEVEDEF,Gibson,EVE,DEF,4.5,0.002,0.00,0,0,0,0,0,0,0,0,0,0,0,0,0,0,0,0,0,0,0,0,0,0
HolgateEVEDEF,Holgate,EVE,DEF,4.5,0.002,0.00,0,0,0,0,0,0,0,0,0,0,0,0,0,0,0,0,0,0,0,0,0,0
SidibeEVEDEF,Sidibe,EVE,DEF,5.5,0.003,0.00,0,0,0,0,0,0,0,0,0,0,0,0,0,0,0,0,0,0,0,0,0,0
IwobiEVEMID,Iwobi,EVE,MID,6,0.024,0.00,0,0,0,0,0,0,0,0,0,0,0,0,0,0,0,0,0,0,0,0,0,0
WalcottEVEMID,Walcott,EVE,MID,6.5,0.009,0.00,0,0,0,0,0,0,0,0,0,0,0,0,0,0,0,0,0,0,0,0,0,0
LookmanEVEMID,Lookman,EVE,MID,5,0.000,0.00,0,0,0,0,0,0,0,0,0,0,0,0,0,0,0,0,0,0,0,0,0,0
GueyeEVEMID,Gueye,EVE,MID,5,0.000,0.00,0,0,0,0,0,0,0,0,0,0,0,0,0,0,0,0,0,0,0,0,0,0
TosunEVEFWD,Tosun,EVE,FWD,6,0.002,0.00,0,0,0,0,0,0,0,0,0,0,0,0,0,0,0,0,0,0,0,0,0,0
JakupovicLEIGKP,Jakupovic,LEI,GKP,4.5,0.001,0.00,0,0,0,0,0,0,0,0,0,0,0,0,0,0,0,0,0,0,0,0,0,0
WardLEIGKP,Ward,LEI,GKP,4.5,0.002,0.00,0,0,0,0,0,0,0,0,0,0,0,0,0,0,0,0,0,0,0,0,0,0
FuchsLEIDEF,Fuchs,LEI,DEF,4.5,0.004,0.00,0,0,0,0,0,0,0,0,0,0,0,0,0,0,0,0,0,0,0,0,0,0
MorganLEIDEF,Morgan,LEI,DEF,4.5,0.015,0.00,0,0,0,0,0,0,0,0,0,0,0,0,0,0,0,0,0,0,0,0,0,0
JustinLEIDEF,Justin,LEI,DEF,5,0.001,0.00,0,0,0,0,0,0,0,0,0,0,0,0,0,0,0,0,0,0,0,0,0,0
GhezzalLEIMID,Ghezzal,LEI,MID,5.5,0.001,0.00,0,0,0,0,0,0,0,0,0,0,0,0,0,0,0,0,0,0,0,0,0,0
GrayLEIMID,Gray,LEI,MID,5.5,0.006,0.00,0,0,0,0,0,0,0,0,0,0,0,0,0,0,0,0,0,0,0,0,0,0
JamesLEIMID,James,LEI,MID,4.5,0.003,0.00,0,0,0,0,0,0,0,0,0,0,0,0,0,0,0,0,0,0,0,0,0,0
AmarteyLEIMID,Amartey,LEI,MID,4.5,0.004,0.00,0,0,0,0,0,0,0,0,0,0,0,0,0,0,0,0,0,0,0,0,0,0
MendyLEIMID,Mendy,LEI,MID,4.5,0.009,0.00,0,0,0,0,0,0,0,0,0,0,0,0,0,0,0,0,0,0,0,0,0,0
KingLEIMID,King,LEI,MID,4.5,0.007,0.00,0,0,0,0,0,0,0,0,0,0,0,0,0,0,0,0,0,0,0,0,0,0
PraetLEIMID,Praet,LEI,MID,5.5,0.001,0.00,0,0,0,0,0,0,0,0,0,0,0,0,0,0,0,0,0,0,0,0,0,0
IheanachoLEIFWD,Iheanacho,LEI,FWD,6,0.004,0.00,0,0,0,0,0,0,0,0,0,0,0,0,0,0,0,0,0,0,0,0,0,0
MignoletLIVGKP,Mignolet,LIV,GKP,4.5,0.001,0.00,0,0,0,0,0,0,0,0,0,0,0,0,0,0,0,0,0,0,0,0,0,0
MatipLIVDEF,Matip,LIV,DEF,5.5,0.011,0.00,0,0,0,0,0,0,0,0,0,0,0,0,0,0,0,0,0,0,0,0,0,0
LovrenLIVDEF,Lovren,LIV,DEF,5.5,0.003,0.00,0,0,0,0,0,0,0,0,0,0,0,0,0,0,0,0,0,0,0,0,0,0
ChamberlainLIVMID,Chamberlain,LIV,MID,6.5,0.005,0.00,0,0,0,0,0,0,0,0,0,0,0,0,0,0,0,0,0,0,0,0,0,0
Peacock-FarrellBURGKP,Peacock-Farrell,BUR,GKP,4.5,0.001,0.00,0,0,0,0,0,0,0,0,0,0,0,0,0,0,0,0,0,0,0,0,0,0
BardsleyBURDEF,Bardsley,BUR,DEF,4.5,0.002,0.00,0,0,0,0,0,0,0,0,0,0,0,0,0,0,0,0,0,0,0,0,0,0
TaylorBURDEF,Taylor,BUR,DEF,4.5,0.015,0.00,0,0,0,0,0,0,0,0,0,0,0,0,0,0,0,0,0,0,0,0,0,0
LongBURDEF,Long,BUR,DEF,4.5,0.002,0.00,0,0,0,0,0,0,0,0,0,0,0,0,0,0,0,0,0,0,0,0,0,0
GibsonBURDEF,Gibson,BUR,DEF,4,0.033,0.00,0,0,0,0,0,0,0,0,0,0,0,0,0,0,0,0,0,0,0,0,0,0
BradyBURMID,Brady,BUR,MID,5.5,0.000,0.00,0,0,0,0,0,0,0,0,0,0,0,0,0,0,0,0,0,0,0,0,0,0
DefourBURMID,Defour,BUR,MID,5.5,0.000,0.00,0,0,0,0,0,0,0,0,0,0,0,0,0,0,0,0,0,0,0,0,0,0
HendrickBURMID,Hendrick,BUR,MID,5.5,0.001,0.00,0,0,0,0,0,0,0,0,0,0,0,0,0,0,0,0,0,0,0,0,0,0
DrinkwaterBURMID,Drinkwater,BUR,MID,4.5,0.026,0.00,0,0,0,0,0,0,0,0,0,0,0,0,0,0,0,0,0,0,0,0,0,0
VydraBURFWD,Vydra,BUR,FWD,5.5,0.001,0.00,0,0,0,0,0,0,0,0,0,0,0,0,0,0,0,0,0,0,0,0,0,0
CaballeroCHEGKP,Caballero,CHE,GKP,5,0.003,0.00,0,0,0,0,0,0,0,0,0,0,0,0,0,0,0,0,0,0,0,0,0,0
AlonsoCHEDEF,Alonso,CHE,DEF,6.5,0.048,0.00,0,0,0,0,0,0,0,0,0,0,0,0,0,0,0,0,0,0,0,0,0,0
RudigerCHEDEF,Rudiger,CHE,DEF,6,0.001,0.00,0,0,0,0,0,0,0,0,0,0,0,0,0,0,0,0,0,0,0,0,0,0
ZappacostaCHEDEF,Zappacosta,CHE,DEF,4.5,0.006,0.00,0,0,0,0,0,0,0,0,0,0,0,0,0,0,0,0,0,0,0,0,0,0
JamesCHEDEF,James,CHE,DEF,5,0.001,0.00,0,0,0,0,0,0,0,0,0,0,0,0,0,0,0,0,0,0,0,0,0,0
TomoriCHEDEF,Tomori,CHE,DEF,4.5,0.000,0.00,0,0,0,0,0,0,0,0,0,0,0,0,0,0,0,0,0,0,0,0,0,0
WillianCHEMID,Willian,CHE,MID,7,0.008,0.00,0,0,0,0,0,0,0,0,0,0,0,0,0,0,0,0,0,0,0,0,0,0
Loftus-CheekCHEMID,Loftus-Cheek,CHE,MID,6.5,0.001,0.00,0,0,0,0,0,0,0,0,0,0,0,0,0,0,0,0,0,0,0,0,0,0
Hudson-OdoiCHEMID,Hudson-Odoi,CHE,MID,6,0.002,0.00,0,0,0,0,0,0,0,0,0,0,0,0,0,0,0,0,0,0,0,0,0,0
AmpaduCHEMID,Ampadu,CHE,MID,4.5,0.000,0.00,0,0,0,0,0,0,0,0,0,0,0,0,0,0,0,0,0,0,0,0,0,0
KenedyCHEMID,Kenedy,CHE,MID,5.5,0.001,0.00,0,0,0,0,0,0,0,0,0,0,0,0,0,0,0,0,0,0,0,0,0,0
BatshuayiCHEFWD,Batshuayi,CHE,FWD,7,0.009,0.00,0,0,0,0,0,0,0,0,0,0,0,0,0,0,0,0,0,0,0,0,0,0
HennesseyCRYGKP,Hennessey,CRY,GKP,4.5,0.011,0.00,0,0,0,0,0,0,0,0,0,0,0,0,0,0,0,0,0,0,0,0,0,0
TomkinsCRYDEF,Tomkins,CRY,DEF,5,0.000,0.00,0,0,0,0,0,0,0,0,0,0,0,0,0,0,0,0,0,0,0,0,0,0
SakhoCRYDEF,Sakho,CRY,DEF,5,0.001,0.00,0,0,0,0,0,0,0,0,0,0,0,0,0,0,0,0,0,0,0,0,0,0
CahillCRYDEF,Cahill,CRY,DEF,4.5,0.022,0.00,0,0,0,0,0,0,0,0,0,0,0,0,0,0,0,0,0,0,0,0,0,0
SchluppCRYMID,Schlupp,CRY,MID,5.5,0.001,0.00,0,0,0,0,0,0,0,0,0,0,0,0,0,0,0,0,0,0,0,0,0,0
KouyateCRYMID,Kouyate,CRY,MID,5,0.002,0.00,0,0,0,0,0,0,0,0,0,0,0,0,0,0,0,0,0,0,0,0,0,0
DreherCRYMID,Dreher,CRY,MID,4.5,0.001,0.00,0,0,0,0,0,0,0,0,0,0,0,0,0,0,0,0,0,0,0,0,0,0
McCarthyCRYMID,McCarthy,CRY,MID,4.5,0.008,0.00,0,0,0,0,0,0,0,0,0,0,0,0,0,0,0,0,0,0,0,0,0,0
BegovicBOUGKP,Begovic,BOU,GKP,4.5,0.031,0.00,0,0,0,0,0,0,0,0,0,0,0,0,0,0,0,0,0,0,0,0,0,0
BorucBOUGKP,Boruc,BOU,GKP,4.5,0.004,0.00,0,0,0,0,0,0,0,0,0,0,0,0,0,0,0,0,0,0,0,0,0,0
TraversBOUGKP,Travers,BOU,GKP,4.5,0.003,0.00,0,0,0,0,0,0,0,0,0,0,0,0,0,0,0,0,0,0,0,0,0,0
DanielsBOUDEF,Daniels,BOU,DEF,4.5,0.003,0.00,0,0,0,0,0,0,0,0,0,0,0,0,0,0,0,0,0,0,0,0,0,0
FrancisBOUDEF,Francis,BOU,DEF,4.5,0.000,0.00,0,0,0,0,0,0,0,0,0,0,0,0,0,0,0,0,0,0,0,0,0,0
KellyBOUDEF,Kelly,BOU,DEF,4.5,0.001,0.00,0,0,0,0,0,0,0,0,0,0,0,0,0,0,0,0,0,0,0,0,0,0
SimpsonBOUDEF,Simpson,BOU,DEF,4,0.086,0.00,0,0,0,0,0,0,0,0,0,0,0,0,0,0,0,0,0,0,0,0,0,0
StaceyBOUDEF,Stacey,BOU,DEF,4.5,0.002,0.00,0,0,0,0,0,0,0,0,0,0,0,0,0,0,0,0,0,0,0,0,0,0
BrooksBOUMID,Brooks,BOU,MID,6.5,0.004,0.00,0,0,0,0,0,0,0,0,0,0,0,0,0,0,0,0,0,0,0,0,0,0
StanislasBOUMID,Stanislas,BOU,MID,6,0.000,0.00,0,0,0,0,0,0,0,0,0,0,0,0,0,0,0,0,0,0,0,0,0,0
IbeBOUMID,Ibe,BOU,MID,5,0.004,0.00,0,0,0,0,0,0,0,0,0,0,0,0,0,0,0,0,0,0,0,0,0,0
Lewis CookBOUMID,Lewis Cook,BOU,MID,5,0.000,0.00,0,0,0,0,0,0,0,0,0,0,0,0,0,0,0,0,0,0,0,0,0,0
SurmanBOUMID,Surman,BOU,MID,5,0.001,0.00,0,0,0,0,0,0,0,0,0,0,0,0,0,0,0,0,0,0,0,0,0,0
GoslingBOUMID,Gosling,BOU,MID,5,0.000,0.00,0,0,0,0,0,0,0,0,0,0,0,0,0,0,0,0,0,0,0,0,0,0
DanjumaBOUMID,Danjuma,BOU,MID,6,0.001,0.00,0,0,0,0,0,0,0,0,0,0,0,0,0,0,0,0,0,0,0,0,0,0
WilsonBOUMID,Wilson,BOU,MID,6,0.011,0.00,0,0,0,0,0,0,0,0,0,0,0,0,0,0,0,0,0,0,0,0,0,0
SurridgeBOUFWD,Surridge,BOU,FWD,4.5,0.009,0.00,0,0,0,0,0,0,0,0,0,0,0,0,0,0,0,0,0,0,0,0,0,0
ButtonBHAGKP,Button,BHA,GKP,4,0.268,0.00,0,0,0,0,0,0,0,0,0,0,0,0,0,0,0,0,0,0,0,0,0,0
BalogunBHADEF,Balogun,BHA,DEF,4.5,0.001,0.00,0,0,0,0,0,0,0,0,0,0,0,0,0,0,0,0,0,0,0,0,0,0
BongBHADEF,Bong,BHA,DEF,4.5,0.002,0.00,0,0,0,0,0,0,0,0,0,0,0,0,0,0,0,0,0,0,0,0,0,0
ClarkeBHADEF,Clarke,BHA,DEF,4.5,0.000,0.00,0,0,0,0,0,0,0,0,0,0,0,0,0,0,0,0,0,0,0,0,0,0
WebsterBHADEF,Webster,BHA,DEF,4.5,0.001,0.00,0,0,0,0,0,0,0,0,0,0,0,0,0,0,0,0,0,0,0,0,0,0
JahanbakhshBHAMID,Jahanbakhsh,BHA,MID,6,0.001,0.00,0,0,0,0,0,0,0,0,0,0,0,0,0,0,0,0,0,0,0,0,0,0
IzquierdoBHAMID,Izquierdo,BHA,MID,5.5,0.000,0.00,0,0,0,0,0,0,0,0,0,0,0,0,0,0,0,0,0,0,0,0,0,0
KnockaertBHAMID,Knockaert,BHA,MID,5.5,0.000,0.00,0,0,0,0,0,0,0,0,0,0,0,0,0,0,0,0,0,0,0,0,0,0
BissoumaBHAMID,Bissouma,BHA,MID,5,0.000,0.00,0,0,0,0,0,0,0,0,0,0,0,0,0,0,0,0,0,0,0,0,0,0
KayalBHAMID,Kayal,BHA,MID,4.5,0.001,0.00,0,0,0,0,0,0,0,0,0,0,0,0,0,0,0,0,0,0,0,0,0,0
TrossardBHAMID,Trossard,BHA,MID,6,0.008,0.00,0,0,0,0,0,0,0,0,0,0,0,0,0,0,0,0,0,0,0,0,0,0
MooyBHAMID,Mooy,BHA,MID,5,0.003,0.00,0,0,0,0,0,0,0,0,0,0,0,0,0,0,0,0,0,0,0,0,0,0
HartBURGKP,Hart,BUR,GKP,4.5,0.021,0.00,0,0,0,0,0,0,0,0,0,0,0,0,0,0,0,0,0,0,0,0,0,0
BernardoBHADEF,Bernardo,BHA,DEF,4.5,0.002,1.00,1,1,0,0,0,0,0,0,0,0,0,0,3,0,0.4,0,0,1,0,0.2,0.2,1
SkippTOTMID,Skipp,TOT,MID,4.5,0.005,1.00,1,1,0,0,0,0,0,0,0,0,0,0,3,0,0.1,0,0,1,0,0.2,0.2,1
MartinezARSGKP,Martinez,ARS,GKP,4.5,0.003,0.00,0,0,0,0,0,0,0,0,0,0,0,0,0,0,0,0,0,0,0,0,0,0
MustafiARSDEF,Mustafi,ARS,DEF,5.5,0.007,0.00,0,0,0,0,0,0,0,0,0,0,0,0,0,0,0,0,0,0,0,0,0,0
BellerinARSDEF,Bellerin,ARS,DEF,5.5,0.001,0.00,0,0,0,0,0,0,0,0,0,0,0,0,0,0,0,0,0,0,0,0,0,0
KolasinacARSDEF,Kolasinac,ARS,DEF,5.5,0.014,0.00,0,0,0,0,0,0,0,0,0,0,0,0,0,0,0,0,0,0,0,0,0,0
KoscielnyARSDEF,Koscielny,ARS,DEF,5,0.002,0.00,0,0,0,0,0,0,0,0,0,0,0,0,0,0,0,0,0,0,0,0,0,0
MavropanosARSDEF,Mavropanos,ARS,DEF,4.5,0.001,0.00,0,0,0,0,0,0,0,0,0,0,0,0,0,0,0,0,0,0,0,0,0,0
JenkinsonARSDEF,Jenkinson,ARS,DEF,4.5,0.001,0.00,0,0,0,0,0,0,0,0,0,0,0,0,0,0,0,0,0,0,0,0,0,0
HoldingARSDEF,Holding,ARS,DEF,4.5,0.001,0.00,0,0,0,0,0,0,0,0,0,0,0,0,0,0,0,0,0,0,0,0,0,0
David LuizARSDEF,David Luiz,ARS,DEF,6,0.095,0.00,0,0,0,0,0,0,0,0,0,0,0,0,0,0,0,0,0,0,0,0,0,0
TierneyARSDEF,Tierney,ARS,DEF,5.5,0.008,0.00,0,0,0,0,0,0,0,0,0,0,0,0,0,0,0,0,0,0,0,0,0,0
ozilARSMID,ozil,ARS,MID,7.5,0.015,0.00,0,0,0,0,0,0,0,0,0,0,0,0,0,0,0,0,0,0,0,0,0,0
TorreiraARSMID,Torreira,ARS,MID,5,0.022,0.00,0,0,0,0,0,0,0,0,0,0,0,0,0,0,0,0,0,0,0,0,0,0
ElnenyARSMID,Elneny,ARS,MID,4.5,0.004,0.00,0,0,0,0,0,0,0,0,0,0,0,0,0,0,0,0,0,0,0,0,0,0
LacazetteARSFWD,Lacazette,ARS,FWD,9.5,0.033,0.00,0,0,0,0,0,0,0,0,0,0,0,0,0,0,0,0,0,0,0,0,0,0
NketiahARSFWD,Nketiah,ARS,FWD,4.5,0.016,0.00,0,0,0,0,0,0,0,0,0,0,0,0,0,0,0,0,0,0,0,0,0,0
NylandAVLGKP,Nyland,AVL,GKP,4.5,0.002,0.00,0,0,0,0,0,0,0,0,0,0,0,0,0,0,0,0,0,0,0,0,0,0
SteerAVLGKP,Steer,AVL,GKP,4.5,0.002,0.00,0,0,0,0,0,0,0,0,0,0,0,0,0,0,0,0,0,0,0,0,0,0
KalinicAVLGKP,Kalinic,AVL,GKP,4.5,0.001,0.00,0,0,0,0,0,0,0,0,0,0,0,0,0,0,0,0,0,0,0,0,0,0
ChesterAVLDEF,Chester,AVL,DEF,4.5,0.001,0.00,0,0,0,0,0,0,0,0,0,0,0,0,0,0,0,0,0,0,0,0,0,0
HauseAVLDEF,Hause,AVL,DEF,4.5,0.001,0.00,0,0,0,0,0,0,0,0,0,0,0,0,0,0,0,0,0,0,0,0,0,0
TargettAVLDEF,Targett,AVL,DEF,4.5,0.013,0.00,0,0,0,0,0,0,0,0,0,0,0,0,0,0,0,0,0,0,0,0,0,0
KonsaAVLDEF,Konsa,AVL,DEF,4.5,0.001,0.00,0,0,0,0,0,0,0,0,0,0,0,0,0,0,0,0,0,0,0,0,0,0
GuilbertAVLDEF,Guilbert,AVL,DEF,4.5,0.006,0.00,0,0,0,0,0,0,0,0,0,0,0,0,0,0,0,0,0,0,0,0,0,0
GreenAVLMID,Green,AVL,MID,5,0.000,0.00,0,0,0,0,0,0,0,0,0,0,0,0,0,0,0,0,0,0,0,0,0,0
BjarnasonAVLMID,Bjarnason,AVL,MID,4.5,0.001,0.00,0,0,0,0,0,0,0,0,0,0,0,0,0,0,0,0,0,0,0,0,0,0
DavisAVLMID,Davis,AVL,MID,4.5,0.004,0.00,0,0,0,0,0,0,0,0,0,0,0,0,0,0,0,0,0,0,0,0,0,0
LansburyAVLMID,Lansbury,AVL,MID,4.5,0.002,0.00,0,0,0,0,0,0,0,0,0,0,0,0,0,0,0,0,0,0,0,0,0,0
NakambaAVLMID,Nakamba,AVL,MID,4.5,0.002,0.00,0,0,0,0,0,0,0,0,0,0,0,0,0,0,0,0,0,0,0,0,0,0
KeanEVEFWD,Kean,EVE,FWD,7,0.071,1.00,1,21,0,0,0,0,0,0,0,0,0,0,4,1,0.2,0,0.1,1,0,0.1,0.1,1
AgueroMCIFWD,Aguero,MCI,FWD,12,0.183,5.00,5,21,1,0,0,0,0,0,0,0,0,0,27,33.4,0.3,17,5.1,5,0,0.4,0.4,5
HernandezNORMID,Hernandez,NOR,MID,5.5,0.002,1.00,1,20,0,0,0,0,0,0,0,0,0,0,0,0,0.6,22,2.1,1,0,0.2,0.2,1
PepeARSMID,Pepe,ARS,MID,9.5,0.048,1.00,1,19,0,0,0,0,0,0,0,0,0,0,2,0,0,0,0,1,0,0.1,0.1,1
KanteCHEMID,Kante,CHE,MID,5,0.070,0.00,0,17,0,0,0,1,0,0,1,0,0,0,0,0,0,0,0,0,0,0,0,0
HojbjergSOUMID,Hojbjerg,SOU,MID,5,0.009,1.00,1,17,0,0,0,1,0,0,0,0,0,0,2,0,1.1,0,0,1,0,0.2,0.2,1
BoufalSOUMID,Boufal,SOU,MID,5.5,0.001,1.00,1,17,0,0,0,1,0,0,0,0,0,0,2,4.4,12.3,4,2.1,1,0,0.2,0.2,1
KodjiaAVLFWD,Kodjia,AVL,FWD,5.5,0.005,1.00,1,16,0,0,0,2,0,0,0,0,0,0,4,0,0,2,0.2,1,0,0.2,0.2,1
ManeLIVMID,Mane,LIV,MID,11.5,0.144,1.00,1,16,0,0,0,0,0,0,0,0,0,0,3,1.2,1.3,6,0.9,1,0,0.1,0.1,1
JamesMUNMID,James,MUN,MID,6,0.024,6.00,6,16,1,0,0,0,0,0,0,0,0,0,21,0,0,0,0,6,0,1,1,6
SuccessWATFWD,Success,WAT,FWD,5,0.009,1.00,1,15,0,0,0,1,0,0,0,0,0,0,1,0,0,0,0,1,0,0.2,0.2,1
AlbrightonLEIMID,Albrighton,LEI,MID,5.5,0.003,1.00,1,14,0,0,0,0,0,0,0,0,0,0,2,0,0,0,0,1,0,0.2,0.2,1
CutroneWOLFWD,Cutrone,WOL,FWD,6,0.015,1.00,1,14,0,0,0,0,0,0,0,0,0,0,0,0,0,0,0,1,0,0.2,0.2,1
FreemanSHUMID,Freeman,SHU,MID,5.5,0.001,1.00,1,12,0,0,0,0,0,0,0,0,0,0,3,4,6,0,1,1,0,0.2,0.2,1
DaviesEVEMID,Davies,EVE,MID,5.5,0.002,1.00,1,11,0,0,0,0,0,0,0,0,0,0,2,1.4,0.1,0,0.2,1,0,0.2,0.2,1
GundoganMCIMID,Gundogan,MCI,MID,5.5,0.030,1.00,1,11,0,0,0,0,0,0,0,0,0,0,3,1.2,3.8,0,0.5,1,0,0.2,0.2,1
FodenMCIMID,Foden,MCI,MID,5.5,0.007,1.00,1,10,0,0,0,0,0,0,0,0,0,0,3,1,0.4,0,0.1,1,0,0.2,0.2,1
SaïssWOLDEF,Saïss,WOL,DEF,4.5,0.003,1.00,1,9,0,0,0,0,0,0,0,0,0,0,3,0,0,0,0,1,0,0.2,0.2,1
Douglas LuizAVLMID,Douglas Luiz,AVL,MID,4.5,0.007,1.00,1,8,0,0,0,2,0,0,0,0,0,0,3,11.6,10,0,2.2,1,0,0.2,0.2,1
SharpSHUFWD,Sharp,SHU,FWD,6,0.010,8.00,8,8,1,0,0,0,0,0,0,0,0,3,26,32.4,0.5,35,6.8,8,0,1.3,1.3,8
WickhamCRYFWD,Wickham,CRY,FWD,4.5,0.055,1.00,1,7,0,0,0,0,0,0,0,0,0,0,1,0,0.5,2,0.2,1,0,0.2,0.2,1
DrmicNORFWD,Drmic,NOR,FWD,5.5,0.002,1.00,1,7,0,0,0,0,0,0,0,0,0,0,3,0,0.3,2,0.2,1,0,0.2,0.2,1
MartinelliARSFWD,Martinelli,ARS,FWD,4.5,0.011,1.00,1,6,0,0,0,0,0,0,0,0,0,0,2,0,0,0,0,1,0,0.2,0.2,1
LennonBURMID,Lennon,BUR,MID,5,0.002,1.00,1,6,0,0,0,0,0,0,0,0,0,0,3,2,0,0,0.2,1,0,0.2,0.2,1
RodriguezBURFWD,Rodriguez,BUR,FWD,6,0.005,1.00,1,6,0,0,0,0,0,0,0,0,0,0,2,0,0,0,0,1,0,0.2,0.2,1
MilnerLIVMID,Milner,LIV,MID,5.5,0.009,1.00,1,4,0,0,0,0,0,0,0,0,0,0,3,0.2,0.3,0,0.1,1,0,0.2,0.2,1
MataMUNMID,Mata,MUN,MID,6.5,0.005,1.00,1,4,0,0,0,0,0,0,0,0,0,0,3,0,0,0,0,1,0,0.2,0.2,1
GreenwoodMUNFWD,Greenwood,MUN,FWD,4.5,0.172,1.00,1,4,0,0,0,0,0,0,0,0,0,0,3,0,0,0,0,1,0,0.2,0.2,1
NkoudouTOTMID,Nkoudou,TOT,MID,5,0.000,1.00,1,2,0,0,0,0,0,0,0,0,0,0,3,0,0,18,1.8,1,0,0.2,0.2,1
SolankeBOUFWD,Solanke,BOU,FWD,5.5,0.006,1.00,1,1,0,0,0,0,0,0,0,0,0,0,3,0,0,0,0,1,0,0.2,0.2,1
ChoudhuryLEIMID,Choudhury,LEI,MID,4.5,0.006,3.00,3,60,0,0,1,0,0,0,0,0,0,0,15,0,0,0,0,3,0,0.7,0.7,3
TrezeguetAVLMID,Trezeguet,AVL,MID,5.5,0.029,1.00,1,58,0,0,0,0,0,0,0,0,0,0,4,16.4,14.3,35,6.6,1,0,0.2,0.2,1
BarkleyCHEMID,Barkley,CHE,MID,6,0.077,1.00,1,57,0,0,0,1,0,0,0,0,0,0,1,0,0,0,0,1,0,0.2,0.2,1
StiepermannNORMID,Stiepermann,NOR,MID,5.5,0.001,1.00,1,57,0,0,0,4,0,0,0,0,0,0,1,1.6,0.4,19,2.1,1,0,0.2,0.2,1
WilshereWHUMID,Wilshere,WHU,MID,5,0.006,1.00,1,55,0,0,0,2,0,0,0,0,0,0,3,2.6,2.1,0,0.5,1,0,0.2,0.2,1
ShelveyNEWMID,Shelvey,NEW,MID,5,0.004,1.00,1,53,0,0,0,0,0,0,0,0,0,0,4,0,0,0,0,1,0,0.2,0.2,1
AdrianLIVGKP,Adrian,LIV,GKP,4.5,0.011,1.00,1,51,0,0,0,1,0,0,0,0,2,0,7,10.6,0,0,1.1,1,0,0.2,0.2,1
Andre GomesEVEMID,Andre Gomes,EVE,MID,5.5,0.012,1.00,1,45,0,0,0,0,0,0,0,0,0,0,6,7.6,11.3,0,1.9,1,0,0.2,0.2,1
GbaminEVEMID,Gbamin,EVE,MID,5,0.001,1.00,1,45,0,0,0,0,0,0,0,0,0,0,6,6.8,4.6,0,1.1,1,0,0.2,0.2,1
PereyraWATMID,Pereyra,WAT,MID,6,0.041,1.00,1,45,0,0,0,2,0,0,0,0,0,0,3,2.8,3.3,30,3.6,1,0,0.2,0.2,1
DeulofeuWATFWD,Deulofeu,WAT,FWD,6.5,0.058,1.00,1,45,0,0,0,1,0,0,0,0,0,0,1,0,5.5,3,0.6,1,0,0.2,0.2,1
AntonioWHUMID,Antonio,WHU,MID,7,0.017,1.00,1,45,0,0,0,1,0,0,0,0,0,0,2,3.8,12.3,0,1.6,1,0,0.1,0.1,1
FornalsWHUMID,Fornals,WHU,MID,6.5,0.010,1.00,1,45,0,0,0,4,0,0,0,0,0,0,3,6.6,1.4,0,0.8,1,0,0.2,0.2,1
AlissonLIVGKP,Alisson,LIV,GKP,6,0.249,1.00,1,38,0,0,0,0,0,0,0,0,2,0,7,5.6,0,0,0.6,1,0,0.2,0.2,1
WillemsNEWDEF,Willems,NEW,DEF,4.5,0.002,1.00,1,36,0,0,0,1,0,0,0,0,0,0,6,0,0,0,0,1,0,0.2,0.2,1
SnodgrassWHUMID,Snodgrass,WHU,MID,5.5,0.003,1.00,1,34,0,0,0,3,0,0,0,0,0,0,7,2.2,15.8,0,1.8,1,0,0.2,0.2,1
PulisicCHEMID,Pulisic,CHE,MID,7.5,0.091,1.00,1,32,0,0,0,3,0,0,0,0,0,0,4,0,0,0,0,1,0,0.1,0.1,1
LeitnerNORMID,Leitner,NOR,MID,4.5,0.003,0.00,0,32,0,0,0,0,0,0,1,0,0,0,0,1.2,1.2,4,0.6,0,0,0,0,0
JotaAVLMID,Jota,AVL,MID,6,0.003,1.00,1,31,0,0,0,3,0,0,0,0,0,0,1,3.6,0.8,0,0.4,1,0,0.2,0.2,1
BarnesLEIMID,Barnes,LEI,MID,6,0.002,1.00,1,29,0,0,0,0,0,0,0,0,0,0,3,0,0,0,0,1,0,0.2,0.2,1
McBurnieSHUFWD,McBurnie,SHU,FWD,6,0.002,1.00,1,27,0,0,0,0,0,0,0,0,0,0,3,3.4,1.7,4,0.9,1,0,0.2,0.2,1
CeballosARSMID,Ceballos,ARS,MID,5.5,0.039,1.00,1,26,0,0,0,0,0,0,0,0,0,0,3,0,0,0,0,1,0,0.2,0.2,1
AndoneBHAFWD,Andone,BHA,FWD,5,0.008,6.00,6,26,1,0,0,0,0,0,0,0,0,1,27,40,0.5,17,5.8,6,0,1.2,1.2,6
MaupayBHAFWD,Maupay,BHA,FWD,6,0.005,6.00,6,26,1,0,0,0,0,0,0,0,0,1,27,0,0,0,0,6,0,1,1,6
EriksenTOTMID,Eriksen,TOT,MID,9,0.067,1.00,1,26,0,0,0,0,0,0,0,0,0,0,10,12.6,40.8,18,7.1,1,0,0.1,0.1,1
ZahaCRYMID,Zaha,CRY,MID,7,0.193,1.00,1,25,0,0,0,0,0,0,0,0,0,0,1,4.4,0.8,32,3.7,1,0,0.1,0.1,1
GiroudCHEFWD,Giroud,CHE,FWD,7,0.025,1.00,1,24,0,0,0,2,0,0,0,0,0,0,2,0,0,0,0,1,0,0.1,0.1,1
ObafemiSOUFWD,Obafemi,SOU,FWD,5,0.003,1.00,1,24,0,0,0,2,0,0,0,0,0,0,0,0,0.4,4,0.4,1,0,0.2,0.2,1
ChicharitoWHUFWD,Chicharito,WHU,FWD,6,0.010,1.00,1,24,0,0,0,3,0,0,0,0,0,0,0,1.6,1,18,2.1,1,0,0.2,0.2,1
Saint-MaximinNEWMID,Saint-Maximin,NEW,MID,5.5,0.007,1.00,1,23,0,0,0,0,0,0,0,0,0,0,2,0,0,0,0,1,0,0.2,0.2,1
BashamSHUDEF,Basham,SHU,DEF,4.5,0.002,2.00,2,81,0,0,0,1,0,0,0,0,0,0,9,9.6,1.5,2,1.3,2,0,0.4,0.4,2
NevesWOLMID,Neves,WOL,MID,5.5,0.087,2.00,2,80,0,0,1,0,0,0,1,0,0,0,10,0,0,0,0,2,0,0.4,0.4,2
David SilvaMCIMID,David Silva,MCI,MID,7.5,0.048,3.00,3,79,0,0,1,0,0,0,0,0,0,0,11,7,32.3,17,5.6,3,0,0.4,0.4,3
SigurdssonEVEMID,Sigurdsson,EVE,MID,8,0.137,3.00,3,78,0,0,1,0,0,0,0,0,0,0,3,4.8,13.1,37,5.5,3,0,0.4,0.4,3
De BruyneMCIMID,De Bruyne,MCI,MID,9.5,0.162,7.00,7,78,0,1,1,0,0,0,0,0,0,1,37,36.8,37.4,27,10.1,7,0,0.7,0.7,7
LundstramSHUDEF,Lundstram,SHU,DEF,4,0.076,3.00,3,77,0,0,0,1,0,0,0,0,0,1,20,4.8,24.2,3,3.2,3,0,0.8,0.8,3
SchneiderlinEVEMID,Schneiderlin,EVE,MID,4.5,0.013,0.00,0,75,0,0,1,0,0,0,0,1,0,0,1,9.4,13.1,0,2.3,0,0,0,0,0
PerezLEIMID,Perez,LEI,MID,6.5,0.167,3.00,3,75,0,0,1,0,0,0,0,0,0,0,7,0,0,0,0,3,0,0.5,0.5,3
JotaWOLFWD,Jota,WOL,FWD,6.5,0.133,2.00,2,75,0,0,1,0,0,0,0,0,0,0,4,0,0,0,0,2,0,0.3,0.3,2
GrayWATFWD,Gray,WAT,FWD,6,0.008,2.00,2,74,0,0,0,2,0,0,0,0,0,0,3,1.4,2.5,17,2.1,2,0,0.3,0.3,2
WesleyAVLFWD,Wesley,AVL,FWD,6,0.011,2.00,2,73,0,0,0,1,0,0,0,0,0,0,2,5,1.1,17,2.3,2,0,0.3,0.3,2
OrigiLIVFWD,Origi,LIV,FWD,5.5,0.052,12.00,12,73,1,1,0,1,0,0,0,0,0,3,46,45.4,26.4,21,9.3,12,0,2.2,2.2,12
PereiraMUNMID,Pereira,MUN,MID,5,0.003,6.00,6,73,0,1,1,0,0,0,0,0,0,0,22,0,0,0,0,6,0,1.2,1.2,6
JorginhoCHEMID,Jorginho,CHE,MID,5,0.040,1.00,1,72,0,0,0,3,0,0,1,0,0,0,10,0,0,0,0,1,0,0.2,0.2,1
StephensSOUDEF,Stephens,SOU,DEF,4.5,0.001,1.00,1,72,0,0,0,2,0,0,0,0,0,0,10,9.8,0.1,2,1.2,1,0,0.2,0.2,1
AdamsSOUFWD,Adams,SOU,FWD,6,0.013,2.00,2,72,0,0,0,2,0,0,0,0,0,0,0,0,1.8,21,1.6,2,0,0.3,0.3,2
NelsonARSMID,Nelson,ARS,MID,5.5,0.002,2.00,2,70,0,0,1,0,0,0,1,0,0,0,10,0,0,0,0,2,0,0.4,0.4,2
TrybullNORMID,Trybull,NOR,MID,4.5,0.010,2.00,2,69,0,0,0,4,0,0,0,0,0,0,11,4.4,0.6,4,0.9,2,0,0.4,0.4,2
Calvert-LewinEVEFWD,Calvert-Lewin,EVE,FWD,6,0.019,2.00,2,68,0,0,1,0,0,0,0,0,0,0,5,1.4,11.2,6,1.9,2,0,0.3,0.3,2
JesusMCIFWD,Jesus,MCI,FWD,9.5,0.028,6.00,6,68,1,0,1,0,0,0,0,0,0,0,31,33.4,4.8,42,8,6,0,0.6,0.6,6
LongstaffNEWMID,Longstaff,NEW,MID,5,0.008,2.00,2,66,0,0,0,1,0,0,0,0,0,0,8,0,0,0,0,2,0,0.4,0.4,2
AbrahamCHEFWD,Abraham,CHE,FWD,7,0.023,1.00,1,65,0,0,0,2,0,0,1,0,0,0,1,0,0,0,0,1,0,0.1,0.1,1
IngsSOUFWD,Ings,SOU,FWD,6,0.023,2.00,2,65,0,0,0,1,0,0,0,0,0,0,8,4.8,11,0,1.6,2,0,0.3,0.3,2
Felipe AndersonWHUMID,Felipe Anderson,WHU,MID,7,0.086,1.00,1,65,0,0,0,2,0,0,1,0,0,0,0,3.8,1.6,0,0.5,1,0,0.1,0.1,1
AyewCRYFWD,Ayew,CRY,FWD,5,0.030,2.00,2,64,0,0,1,0,0,0,0,0,0,0,8,9,12.8,19,4.1,2,0,0.4,0.4,2
WillockARSMID,Willock,ARS,MID,5,0.002,3.00,3,63,0,0,1,0,0,0,0,0,0,0,6,0,0,0,0,3,0,0.6,0.6,3
MurrayBHAFWD,Murray,BHA,FWD,6,0.036,2.00,2,63,0,0,1,0,0,0,0,0,0,0,0,4.2,3.1,4,1.1,2,0,0.3,0.3,2
LocadiaBHAFWD,Locadia,BHA,FWD,5.5,0.003,2.00,2,63,0,0,1,0,0,0,0,0,0,0,8,3.2,1.4,19,2.4,2,0,0.4,0.4,2
WinksTOTMID,Winks,TOT,MID,5.5,0.004,2.00,2,63,0,0,0,1,0,0,0,0,0,0,14,10.8,29.6,1,4.1,2,0,0.4,0.4,2
McGoldrickSHUFWD,McGoldrick,SHU,FWD,5.5,0.002,2.00,2,62,0,0,0,1,0,0,0,0,0,0,0,2,2.3,8,1.2,2,0,0.4,0.4,2
CapoueWATMID,Capoue,WAT,MID,5,0.010,2.00,2,90,0,0,0,3,0,0,0,0,0,0,7,9.2,2.6,1,1.3,2,0,0.4,0.4,2
DeeneyWATFWD,Deeney,WAT,FWD,6.5,0.030,2.00,2,90,0,0,0,3,0,0,0,0,0,0,6,7.6,11.5,9,2.8,2,0,0.3,0.3,2
FabianskiWHUGKP,Fabianski,WHU,GKP,5,0.052,1.00,1,90,0,0,0,5,0,0,0,0,4,0,18,28.6,0,0,2.9,1,0,0.2,0.2,1
CresswellWHUDEF,Cresswell,WHU,DEF,5,0.005,0.00,0,90,0,0,0,5,0,0,0,0,0,0,7,9,1.5,0,1.1,0,0,0,0,0
FredericksWHUDEF,Fredericks,WHU,DEF,4.5,0.004,0.00,0,90,0,0,0,5,0,0,0,0,0,0,11,11.4,1.8,0,1.3,0,0,0,0,0
DiopWHUDEF,Diop,WHU,DEF,4.5,0.040,0.00,0,90,0,0,0,5,0,0,0,0,0,0,3,5,0.3,7,1.2,0,0,0,0,0
BalbuenaWHUDEF,Balbuena,WHU,DEF,4.5,0.005,-1.00,-1,90,0,0,0,5,0,0,1,0,0,0,6,5.6,0.4,0,0.6,-1,0,0,0,0
LanziniWHUMID,Lanzini,WHU,MID,6.5,0.011,2.00,2,90,0,0,0,5,0,0,0,0,0,0,16,10.4,6.8,25,4.2,2,0,0.3,0.3,2
RiceWHUMID,Rice,WHU,MID,5,0.029,2.00,2,90,0,0,0,5,0,0,0,0,0,0,15,16.2,1.8,0,1.8,2,0,0.4,0.4,2
HallerWHUFWD,Haller,WHU,FWD,7.5,0.043,2.00,2,90,0,0,0,5,0,0,0,0,0,0,15,0,0,0,0,2,0,0.3,0.3,2
PatricioWOLGKP,Patricio,WOL,GKP,5,0.050,6.00,6,90,0,0,1,0,0,0,0,0,1,0,23,0,0,0,0,6,0,1.2,1.2,6
DohertyWOLDEF,Doherty,WOL,DEF,6,0.038,6.00,6,90,0,0,1,0,0,0,0,0,0,0,16,0,0,0,0,6,0,1,1,6
JonnyWOLDEF,Jonny,WOL,DEF,5.5,0.013,5.00,5,90,0,0,1,0,0,0,1,0,0,0,18,0,0,0,0,5,0,0.9,0.9,5
CoadyWOLDEF,Coady,WOL,DEF,5,0.016,6.00,6,90,0,0,1,0,0,0,0,0,0,0,20,0,0,0,0,6,0,1.2,1.2,6
BennettWOLDEF,Bennett,WOL,DEF,5,0.007,6.00,6,90,0,0,1,0,0,0,0,0,0,0,22,0,0,0,0,6,0,1.2,1.2,6
BolyWOLDEF,Boly,WOL,DEF,5,0.067,9.00,9,90,0,0,1,0,0,0,0,0,0,3,32,0,0,0,0,9,0,1.8,1.8,9
MoutinhoWOLMID,Moutinho,WOL,MID,5.5,0.070,3.00,3,90,0,0,1,0,0,0,0,0,0,0,11,0,0,0,0,3,0,0.5,0.5,3
DendonckerWOLMID,Dendoncker,WOL,MID,4.5,0.154,3.00,3,90,0,0,1,0,0,0,0,0,0,0,13,0,0,0,0,3,0,0.7,0.7,3
JimenezWOLFWD,Jimenez,WOL,FWD,7.5,0.227,2.00,2,90,0,0,1,0,0,0,0,0,0,0,10,0,0,0,0,2,0,0.3,0.3,2
WilsonBOUFWD,Wilson,BOU,FWD,8,0.189,5.00,5,89,0,1,0,1,0,0,0,0,0,0,10,2.4,2.3,37,4.2,5,0,0.6,0.6,5
LamelaTOTMID,Lamela,TOT,MID,6,0.007,1.00,1,87,0,0,0,1,0,0,1,0,0,0,15,11.6,38.4,39,8.9,1,0,0.2,0.2,1
FirminoLIVFWD,Firmino,LIV,FWD,9.5,0.111,5.00,5,85,0,1,0,1,0,0,0,0,0,0,26,24.6,14.8,66,10.5,5,0,0.5,0.5,5
LingardMUNMID,Lingard,MUN,MID,6.5,0.016,2.00,2,85,0,0,1,0,0,0,1,0,0,0,2,0,0,0,0,2,0,0.3,0.3,2
RashfordMUNFWD,Rashford,MUN,FWD,8.5,0.186,13.00,13,85,2,0,1,0,0,0,0,0,0,3,53,0,0,0,0,13,1,1.5,1.5,13
MkhitaryanARSMID,Mkhitaryan,ARS,MID,7,0.024,2.00,2,83,0,0,1,0,0,0,1,0,0,0,0,0,0,0,0,2,0,0.3,0.3,2
McNeilBURMID,McNeil,BUR,MID,6,0.004,3.00,3,83,0,0,1,0,0,0,0,0,0,0,15,15.8,5.3,0,2.1,3,0,0.5,0.5,3
BarnesBURFWD,Barnes,BUR,FWD,6.5,0.017,13.00,13,83,2,0,1,0,0,0,0,0,0,3,58,71.4,1.8,89,16.2,13,1,2,2,13
BentekeCRYFWD,Benteke,CRY,FWD,6,0.011,2.00,2,82,0,0,1,0,0,0,0,0,0,0,9,9.6,15,2,2.7,2,0,0.3,0.3,2
PukkiNORFWD,Pukki,NOR,FWD,6.5,0.038,7.00,7,82,1,0,0,4,0,0,0,0,0,1,32,39.2,21.2,41,10.1,7,0,1.1,1.1,7
HourihaneAVLMID,Hourihane,AVL,MID,6,0.003,2.00,2,81,0,0,0,1,0,0,0,0,0,0,12,16.4,10.8,0,2.7,2,0,0.3,0.3,2
O'ConnellSHUDEF,O'Connell,SHU,DEF,4.5,0.004,2.00,2,90,0,0,0,1,0,0,0,0,0,0,12,15.6,1.6,0,1.7,2,0,0.4,0.4,2
BaldockSHUDEF,Baldock,SHU,DEF,4.5,0.002,2.00,2,90,0,0,0,1,0,0,0,0,0,0,1,0.4,3.8,3,0.7,2,0,0.4,0.4,2
EganSHUDEF,Egan,SHU,DEF,4.5,0.002,2.00,2,90,0,0,0,1,0,0,0,0,0,0,16,17.6,0.3,2,2,2,0,0.4,0.4,2
FleckSHUMID,Fleck,SHU,MID,5,0.002,1.00,1,90,0,0,0,1,0,0,1,0,0,0,9,8.2,28.5,0,3.7,1,0,0.2,0.2,1
NorwoodSHUMID,Norwood,SHU,MID,5,0.004,2.00,2,90,0,0,0,1,0,0,0,0,0,0,16,19.6,21.3,0,4.1,2,0,0.4,0.4,2
RobinsonSHUMID,Robinson,SHU,MID,5.5,0.010,2.00,2,90,0,0,0,1,0,0,0,0,0,0,2,4.6,0.9,29,3.5,2,0,0.4,0.4,2
GunnSOUGKP,Gunn,SOU,GKP,4.5,0.009,1.00,1,90,0,0,0,3,0,0,0,0,1,0,10,9.8,0,0,1,1,0,0.2,0.2,1
VestergaardSOUDEF,Vestergaard,SOU,DEF,5,0.002,1.00,1,90,0,0,0,3,0,0,0,0,0,0,13,15.4,1.3,33,5,1,0,0.2,0.2,1
BertrandSOUDEF,Bertrand,SOU,DEF,5,0.012,1.00,1,90,0,0,0,3,0,0,0,0,0,0,8,5.4,6.7,7,1.9,1,0,0.2,0.2,1
ValerySOUDEF,Valery,SOU,DEF,5,0.004,1.00,1,90,0,0,0,3,0,0,0,0,0,0,5,5.6,15.2,6,2.7,1,0,0.2,0.2,1
BednarekSOUDEF,Bednarek,SOU,DEF,4.5,0.008,1.00,1,90,0,0,0,3,0,0,0,0,0,0,13,20.6,10.8,10,4.1,1,0,0.2,0.2,1
RedmondSOUMID,Redmond,SOU,MID,6.5,0.023,2.00,2,90,0,0,0,3,0,0,0,0,0,0,7,2.6,3.1,29,3.5,2,0,0.3,0.3,2
Ward-ProwseSOUMID,Ward-Prowse,SOU,MID,6,0.010,2.00,2,90,0,0,0,3,0,0,0,0,0,0,10,9,15.1,17,4.1,2,0,0.3,0.3,2
Oriol RomeuSOUMID,Oriol Romeu,SOU,MID,4.5,0.013,2.00,2,90,0,0,0,3,0,0,0,0,0,0,8,9,12.8,11,3.3,2,0,0.4,0.4,2
LlorisTOTGKP,Lloris,TOT,GKP,5.5,0.095,3.00,3,90,0,0,0,1,0,0,0,0,3,0,13,21.4,0,0,2.1,3,0,0.5,0.5,3
AlderweireldTOTDEF,Alderweireld,TOT,DEF,5.5,0.079,2.00,2,90,0,0,0,1,0,0,0,0,0,0,17,17.6,26.6,8,5.2,2,0,0.4,0.4,2
RoseTOTDEF,Rose,TOT,DEF,5.5,0.026,2.00,2,90,0,0,0,1,0,0,0,0,0,0,13,19.2,53,2,7.4,2,0,0.4,0.4,2
SanchezTOTDEF,Sanchez,TOT,DEF,5.5,0.012,2.00,2,90,0,0,0,1,0,0,0,0,0,0,14,15.4,11.8,21,4.8,2,0,0.4,0.4,2
Walker-PetersTOTDEF,Walker-Peters,TOT,DEF,5,0.038,2.00,2,90,0,0,0,1,0,0,0,0,0,0,20,21.2,19,14,5.4,2,0,0.4,0.4,2
Lucas MouraTOTMID,Lucas Moura,TOT,MID,7.5,0.111,5.00,5,90,0,1,0,1,0,0,0,0,0,0,19,23.4,39.4,30,9.3,5,0,0.7,0.7,5
SissokoTOTMID,Sissoko,TOT,MID,5,0.020,5.00,5,90,0,1,0,1,0,0,0,0,0,0,13,17.8,20.4,51,8.9,5,0,1,1,5
NdombeleTOTMID,Ndombele,TOT,MID,6,0.054,8.00,8,90,1,0,0,1,0,0,0,0,0,1,26,39.2,20.3,14,7.4,8,0,1.3,1.3,8
KaneTOTFWD,Kane,TOT,FWD,11,0.298,13.00,13,90,2,0,0,1,0,0,0,0,0,3,50,64,23.8,95,18.3,13,1,1.2,1.2,13
FosterWATGKP,Foster,WAT,GKP,5,0.029,1.00,1,90,0,0,0,3,0,0,0,0,1,0,9,10,0,0,1,1,0,0.2,0.2,1
HolebasWATDEF,Holebas,WAT,DEF,5,0.043,1.00,1,90,0,0,0,3,0,0,0,0,0,0,7,12.6,3.8,0,1.6,1,0,0.2,0.2,1
Kiko FemeniaWATDEF,Kiko Femenia,WAT,DEF,4.5,0.009,1.00,1,90,0,0,0,3,0,0,0,0,0,0,16,17.2,34.9,7,5.9,1,0,0.2,0.2,1
CathcartWATDEF,Cathcart,WAT,DEF,4.5,0.044,1.00,1,90,0,0,0,3,0,0,0,0,0,0,10,10.4,0.3,0,1.1,1,0,0.2,0.2,1
DawsonWATDEF,Dawson,WAT,DEF,5,0.003,1.00,1,90,0,0,0,3,0,0,0,0,0,0,13,21.2,0.4,37,5.9,1,0,0.2,0.2,1
DoucoureWATMID,Doucoure,WAT,MID,6,0.034,0.00,0,90,0,0,0,3,1,0,0,0,0,0,7,4.4,23.1,2,3,0,0,0,0,0
HughesWATMID,Hughes,WAT,MID,5.5,0.002,2.00,2,90,0,0,0,3,0,0,0,0,0,0,1,3.6,3.3,6,1.3,2,0,0.4,0.4,2
SterlingMCIMID,Sterling,MCI,MID,12,0.347,20.00,20,90,3,0,1,0,0,0,1,0,0,3,55,103.6,12.7,74,19,20,1,1.7,1.7,20
MahrezMCIMID,Mahrez,MCI,MID,8.5,0.023,14.00,14,90,0,3,1,0,0,0,0,0,0,2,45,52.6,51.2,39,14.3,14,1,1.6,1.6,14
RodrigoMCIMID,Rodrigo,MCI,MID,5.5,0.015,3.00,3,90,0,0,1,0,0,0,0,0,0,0,15,15.2,3.1,0,1.8,3,0,0.5,0.5,3
de GeaMUNGKP,de Gea,MUN,GKP,5.5,0.130,10.00,10,90,0,0,1,0,0,0,0,0,7,2,34,0,0,0,0,10,1,1.8,1.8,10
Wan-BissakaMUNDEF,Wan-Bissaka,MUN,DEF,5.5,0.342,8.00,8,90,0,0,1,0,0,0,0,0,0,2,34,0,0,0,0,8,0,1.5,1.5,8
MaguireMUNDEF,Maguire,MUN,DEF,5.5,0.178,6.00,6,90,0,0,1,0,0,0,0,0,0,0,29,0,0,0,0,6,0,1.1,1.1,6
LindelofMUNDEF,Lindelof,MUN,DEF,5.5,0.013,5.00,5,90,0,0,1,0,0,0,1,0,0,0,24,0,0,0,0,5,0,0.9,0.9,5
ShawMUNDEF,Shaw,MUN,DEF,5.5,0.021,6.00,6,90,0,0,1,0,0,0,0,0,0,0,27,0,0,0,0,6,0,1.1,1.1,6
PogbaMUNMID,Pogba,MUN,MID,8.5,0.077,9.00,9,90,0,2,1,0,0,0,0,0,0,0,30,0,0,0,0,9,0,1.1,1.1,9
MartialMUNMID,Martial,MUN,MID,7.5,0.069,7.00,7,90,1,0,1,0,0,0,1,0,0,0,19,0,0,0,0,7,0,0.9,0.9,7
McTominayMUNMID,McTominay,MUN,MID,5,0.007,3.00,3,90,0,0,1,0,0,0,0,0,0,0,11,0,0,0,0,3,0,0.6,0.6,3
DubravkaNEWGKP,Dubravka,NEW,GKP,5,0.010,2.00,2,90,0,0,0,1,0,0,0,0,1,0,9,0,0,0,0,2,0,0.4,0.4,2
RitchieNEWDEF,Ritchie,NEW,DEF,5.5,0.006,2.00,2,90,0,0,0,1,0,0,0,0,0,0,14,0,0,0,0,2,0,0.4,0.4,2
SchärNEWDEF,Schär,NEW,DEF,5,0.018,2.00,2,90,0,0,0,1,0,0,0,0,0,0,12,0,0,0,0,2,0,0.4,0.4,2
DummettNEWDEF,Dummett,NEW,DEF,4.5,0.002,2.00,2,90,0,0,0,1,0,0,0,0,0,0,24,0,0,0,0,2,0,0.4,0.4,2
ManquilloNEWDEF,Manquillo,NEW,DEF,4.5,0.002,2.00,2,90,0,0,0,1,0,0,0,0,0,0,10,0,0,0,0,2,0,0.4,0.4,2
LascellesNEWDEF,Lascelles,NEW,DEF,4.5,0.079,2.00,2,90,0,0,0,1,0,0,0,0,0,0,13,0,0,0,0,2,0,0.4,0.4,2
AlmirónNEWMID,Almirón,NEW,MID,6,0.009,1.00,1,90,0,0,0,1,0,0,1,0,0,0,2,0,0,0,0,1,0,0.2,0.2,1
HaydenNEWMID,Hayden,NEW,MID,4.5,0.076,2.00,2,90,0,0,0,1,0,0,0,0,0,0,20,0,0,0,0,2,0,0.4,0.4,2
JoelintonNEWFWD,Joelinton,NEW,FWD,6,0.025,2.00,2,90,0,0,0,1,0,0,0,0,0,0,15,0,0,0,0,2,0,0.3,0.3,2
KrulNORGKP,Krul,NOR,GKP,4.5,0.013,1.00,1,90,0,0,0,4,0,0,0,0,4,0,19,30.4,0,0,3,1,0,0.2,0.2,1
GodfreyNORDEF,Godfrey,NOR,DEF,4.5,0.003,0.00,0,90,0,0,0,4,0,0,0,0,0,0,18,23.8,0.1,7,3.1,0,0,0,0,0
AaronsNORDEF,Aarons,NOR,DEF,4.5,0.030,0.00,0,90,0,0,0,4,0,0,0,0,0,0,16,25.8,1.4,0,2.7,0,0,0,0,0
LewisNORDEF,Lewis,NOR,DEF,4.5,0.002,0.00,0,90,0,0,0,4,0,0,0,0,0,0,15,24.2,25.1,0,4.9,0,0,0,0,0
HanleyNORDEF,Hanley,NOR,DEF,4,0.026,-2.00,-2,90,0,0,0,4,1,0,0,0,0,0,2,8.6,0,0,0.9,-2,0,0,0,0
BuendiaNORMID,Buendia,NOR,MID,6,0.007,4.00,4,90,0,1,0,4,0,0,1,0,0,0,16,34.2,40.5,24,9.9,4,0,0.7,0.7,4
McLeanNORMID,McLean,NOR,MID,5,0.002,2.00,2,90,0,0,0,4,0,0,0,0,0,0,12,11.4,0.6,0,1.2,2,0,0.4,0.4,2
CantwellNORMID,Cantwell,NOR,MID,4.5,0.006,2.00,2,90,0,0,0,4,0,0,0,0,0,0,10,15.6,33.9,2,5.2,2,0,0.4,0.4,2
HendersonSHUGKP,Henderson,SHU,GKP,4.5,0.015,2.00,2,90,0,0,0,1,0,0,0,0,2,0,12,13.4,0,0,1.3,2,0,0.4,0.4,2
StevensSHUDEF,Stevens,SHU,DEF,5,0.004,2.00,2,90,0,0,0,1,0,0,0,0,0,0,11,10.2,3.1,2,1.5,2,0,0.4,0.4,2
McArthurCRYMID,McArthur,CRY,MID,5.5,0.019,3.00,3,90,0,0,1,0,0,0,0,0,0,0,15,21.2,11.6,0,3.3,3,0,0.5,0.5,3
PickfordEVEGKP,Pickford,EVE,GKP,5.5,0.099,7.00,7,90,0,0,1,0,0,0,0,0,2,1,25,20.8,0,0,2.1,7,0,1.3,1.3,7
DigneEVEDEF,Digne,EVE,DEF,6,0.250,6.00,6,90,0,0,1,0,0,0,0,0,0,0,17,6.4,16.5,22,4.5,6,0,1,1,6
MinaEVEDEF,Mina,EVE,DEF,5.5,0.012,9.00,9,90,0,0,1,0,0,0,0,0,0,3,32,19.4,0.8,0,2,9,0,1.6,1.6,9
KeaneEVEDEF,Keane,EVE,DEF,5.5,0.030,8.00,8,90,0,0,1,0,0,0,0,0,0,2,26,24.4,0.5,0,2.5,8,0,1.5,1.5,8
ColemanEVEDEF,Coleman,EVE,DEF,5.5,0.035,6.00,6,90,0,0,1,0,0,0,0,0,0,0,20,20.6,3.3,19,4.3,6,0,1.1,1.1,6
RicharlisonEVEMID,Richarlison,EVE,MID,8,0.093,3.00,3,90,0,0,1,0,0,0,0,0,0,0,7,12.2,19.3,32,6.4,3,0,0.4,0.4,3
BernardEVEMID,Bernard,EVE,MID,6.5,0.006,2.00,2,90,0,0,1,0,0,0,1,0,0,0,4,6.8,19.5,10,3.6,2,0,0.3,0.3,2
SchmeichelLEIGKP,Schmeichel,LEI,GKP,5,0.062,6.00,6,90,0,0,1,0,0,0,0,0,2,0,23,0,0,0,0,6,0,1.2,1.2,6
PereiraLEIDEF,Pereira,LEI,DEF,6,0.056,9.00,9,90,0,0,1,0,0,0,0,0,0,3,32,0,0,0,0,9,0,1.5,1.5,9
ChilwellLEIDEF,Chilwell,LEI,DEF,5.5,0.057,6.00,6,90,0,0,1,0,0,0,0,0,0,0,23,0,0,0,0,6,0,1.1,1.1,6
EvansLEIDEF,Evans,LEI,DEF,5,0.008,7.00,7,90,0,0,1,0,0,0,0,0,0,1,30,0,0,0,0,7,0,1.4,1.4,7
SoyuncuLEIDEF,Soyuncu,LEI,DEF,4.5,0.004,6.00,6,90,0,0,1,0,0,0,0,0,0,0,29,0,0,0,0,6,0,1.3,1.3,6
MaddisonLEIMID,Maddison,LEI,MID,7,0.101,3.00,3,90,0,0,1,0,0,0,0,0,0,0,9,0,0,0,0,3,0,0.4,0.4,3
NdidiLEIMID,Ndidi,LEI,MID,5,0.013,3.00,3,90,0,0,1,0,0,0,0,0,0,0,15,0,0,0,0,3,0,0.6,0.6,3
TielemansLEIMID,Tielemans,LEI,MID,6.5,0.059,3.00,3,90,0,0,1,0,0,0,0,0,0,0,21,0,0,0,0,3,0,0.5,0.5,3
VardyLEIFWD,Vardy,LEI,FWD,9,0.104,2.00,2,90,0,0,1,0,0,0,0,0,0,0,5,0,0,0,0,2,0,0.2,0.2,2
RobertsonLIVDEF,Robertson,LIV,DEF,7,0.327,2.00,2,90,0,0,0,1,0,0,0,0,0,0,15,12.4,24.7,7,4.4,2,0,0.3,0.3,2
Alexander-ArnoldLIVDEF,Alexander-Arnold,LIV,DEF,7,0.243,5.00,5,90,0,1,0,1,0,0,0,0,0,0,24,35.6,36.3,12,8.4,5,0,0.7,0.7,5
van DijkLIVDEF,van Dijk,LIV,DEF,6.5,0.514,8.00,8,90,1,0,0,1,0,0,0,0,0,0,27,52.4,0.8,21,7.4,8,0,1.2,1.2,8
GomezLIVDEF,Gomez,LIV,DEF,5.5,0.021,2.00,2,90,0,0,0,1,0,0,0,0,0,0,10,14,11.8,0,2.6,2,0,0.4,0.4,2
SalahLIVMID,Salah,LIV,MID,12.5,0.444,12.00,12,90,1,1,0,1,0,0,0,0,0,2,40,54.8,39.7,39,13.4,12,1,1,1,12
FabinhoLIVMID,Fabinho,LIV,MID,5.5,0.011,2.00,2,90,0,0,0,1,0,0,0,0,0,0,18,25.6,11.8,7,4.4,2,0,0.4,0.4,2
HendersonLIVMID,Henderson,LIV,MID,5.5,0.009,2.00,2,90,0,0,0,1,0,0,0,0,0,0,12,12.2,6.2,41,5.9,2,0,0.4,0.4,2
WijnaldumLIVMID,Wijnaldum,LIV,MID,5.5,0.027,2.00,2,90,0,0,0,1,0,0,0,0,0,0,11,3.8,5.2,2,1.1,2,0,0.4,0.4,2
EdersonMCIGKP,Ederson,MCI,GKP,6,0.218,7.00,7,90,0,0,1,0,0,0,0,0,3,0,26,28.8,0,0,2.9,7,0,1.2,1.2,7
LaporteMCIDEF,Laporte,MCI,DEF,6.5,0.086,6.00,6,90,0,0,1,0,0,0,0,0,0,0,26,17.2,0.9,0,1.8,6,0,0.9,0.9,6
WalkerMCIDEF,Walker,MCI,DEF,6,0.197,8.00,8,90,0,1,1,0,0,0,1,0,0,0,33,27.4,23.3,20,7.1,8,0,1.3,1.3,8
ZinchenkoMCIDEF,Zinchenko,MCI,DEF,5.5,0.111,6.00,6,90,0,0,1,0,0,0,0,0,0,0,26,17.8,25,1,4.4,6,0,1.1,1.1,6
StonesMCIDEF,Stones,MCI,DEF,5.5,0.038,6.00,6,90,0,0,1,0,0,0,0,0,0,0,33,17.8,0.8,0,1.9,6,0,1.1,1.1,6
BurnBHADEF,Burn,BHA,DEF,4.5,0.001,6.00,6,90,0,0,1,0,0,0,0,0,0,0,23,12.8,1.3,1,1.5,6,0,1.3,1.3,6
GroBBHAMID,GroB,BHA,MID,6.5,0.009,6.00,6,90,0,1,1,0,0,0,0,0,0,0,16,6,10.9,4,2.1,6,0,0.9,0.9,6
PropperBHAMID,Propper,BHA,MID,5,0.004,6.00,6,90,0,1,1,0,0,0,0,0,0,0,26,30.8,16.3,1,4.8,6,0,1.2,1.2,6
MarchBHAMID,March,BHA,MID,5,0.005,3.00,3,90,0,0,1,0,0,0,0,0,0,0,15,13.8,1.8,0,1.6,3,0,0.6,0.6,3
StephensBHAMID,Stephens,BHA,MID,4.5,0.034,3.00,3,90,0,0,1,0,0,0,0,0,0,0,11,15,11.3,0,2.6,3,0,0.7,0.7,3
PopeBURGKP,Pope,BUR,GKP,4.5,0.067,8.00,8,90,0,0,1,0,0,0,0,0,3,1,28,26,10,0,3.6,8,0,1.8,1.8,8
MeeBURDEF,Mee,BUR,DEF,5,0.009,6.00,6,90,0,0,1,0,0,0,0,0,0,0,27,21.2,0.1,2,2.3,6,0,1.2,1.2,6
TarkowskiBURDEF,Tarkowski,BUR,DEF,5,0.018,6.00,6,90,0,0,1,0,0,0,0,0,0,0,23,15,0.2,36,5.1,6,0,1.2,1.2,6
LowtonBURDEF,Lowton,BUR,DEF,4.5,0.003,6.00,6,90,0,0,1,0,0,0,0,0,0,0,23,16,15.3,2,3.3,6,0,1.3,1.3,6
PietersBURDEF,Pieters,BUR,DEF,4.5,0.012,14.00,14,90,0,2,1,0,0,0,0,0,0,2,43,55,25,1,8.1,14,1,3.1,3.1,14
GudmundssonBURMID,Gudmundsson,BUR,MID,6,0.008,9.00,9,90,1,0,1,0,0,0,0,0,0,1,28,43.2,33.1,22,9.8,9,0,1.5,1.5,9
WestwoodBURMID,Westwood,BUR,MID,5.5,0.009,3.00,3,90,0,0,1,0,0,0,0,0,0,0,7,6.4,11.5,0,1.8,3,0,0.5,0.5,3
CorkBURMID,Cork,BUR,MID,5,0.003,3.00,3,90,0,0,1,0,0,0,0,0,0,0,10,8.2,2.1,0,1,3,0,0.6,0.6,3
WoodBURFWD,Wood,BUR,FWD,6.5,0.017,2.00,2,90,0,0,1,0,0,0,0,0,0,0,0,0,0.4,6,0.6,2,0,0.3,0.3,2
KepaCHEGKP,Kepa,CHE,GKP,5.5,0.056,0.00,0,90,0,0,0,4,0,0,0,0,1,0,9,0,0,0,0,0,0,0,0,0
AzpilicuetaCHEDEF,Azpilicueta,CHE,DEF,6,0.085,0.00,0,90,0,0,0,4,0,0,0,0,0,0,9,0,0,0,0,0,0,0,0,0
EmersonCHEDEF,Emerson,CHE,DEF,5.5,0.010,0.00,0,90,0,0,0,4,0,0,0,0,0,0,8,0,0,0,0,0,0,0,0,0
ChristensenCHEDEF,Christensen,CHE,DEF,5,0.011,0.00,0,90,0,0,0,4,0,0,0,0,0,0,16,0,0,0,0,0,0,0,0,0
ZoumaCHEDEF,Zouma,CHE,DEF,5,0.033,-1.00,-1,90,0,0,0,4,0,0,1,0,0,0,1,0,0,0,0,-1,0,0,0,0
PedroCHEMID,Pedro,CHE,MID,7,0.033,2.00,2,90,0,0,0,4,0,0,0,0,0,0,18,0,0,0,0,2,0,0.3,0.3,2
KovacicCHEMID,Kovacic,CHE,MID,5.5,0.010,2.00,2,90,0,0,0,4,0,0,0,0,0,0,22,0,0,0,0,2,0,0.4,0.4,2
MountCHEMID,Mount,CHE,MID,6,0.010,2.00,2,90,0,0,0,4,0,0,0,0,0,0,15,0,0,0,0,2,0,0.3,0.3,2
GuaitaCRYGKP,Guaita,CRY,GKP,5,0.005,6.00,6,90,0,0,1,0,0,0,0,0,2,0,24,14,0,0,1.4,6,0,1.2,1.2,6
van AanholtCRYDEF,van Aanholt,CRY,DEF,5.5,0.066,6.00,6,90,0,0,1,0,0,0,0,0,0,0,20,15.4,0.5,2,1.8,6,0,1.1,1.1,6
WardCRYDEF,Ward,CRY,DEF,4.5,0.005,6.00,6,90,0,0,1,0,0,0,0,0,0,0,23,14.2,0.9,0,1.5,6,0,1.3,1.3,6
DannCRYDEF,Dann,CRY,DEF,4.5,0.003,6.00,6,90,0,0,1,0,0,0,0,0,0,0,20,7.6,0.1,36,4.4,6,0,1.3,1.3,6
KellyCRYDEF,Kelly,CRY,DEF,4,0.247,6.00,6,90,0,0,1,0,0,0,0,0,0,0,24,25.8,0,0,2.6,6,0,1.5,1.5,6
MilivojevicCRYMID,Milivojevic,CRY,MID,7,0.085,2.00,2,90,0,0,1,0,0,0,1,0,0,0,0,0.6,14.8,0,1.5,2,0,0.3,0.3,2
TownsendCRYMID,Townsend,CRY,MID,6,0.038,3.00,3,90,0,0,1,0,0,0,0,0,0,0,14,10,11.7,0,2.2,3,0,0.5,0.5,3
MeyerCRYMID,Meyer,CRY,MID,5.5,0.002,2.00,2,90,0,0,1,0,0,0,1,0,0,0,5,12.8,1,55,6.9,2,0,0.4,0.4,2
LenoARSGKP,Leno,ARS,GKP,5,0.056,7.00,7,90,0,0,1,0,0,0,0,0,2,1,27,0,0,0,0,7,0,1.4,1.4,7
Maitland-NilesARSDEF,Maitland-Niles,ARS,DEF,5,0.016,12.00,12,90,0,1,1,0,0,0,0,0,0,3,38,0,0,0,0,12,1,2.4,2.4,12
SokratisARSDEF,Sokratis,ARS,DEF,5,0.016,8.00,8,90,0,0,1,0,0,0,0,0,0,2,28,0,0,0,0,8,0,1.6,1.6,8
MonrealARSDEF,Monreal,ARS,DEF,5,0.011,7.00,7,90,0,0,1,0,0,0,0,0,0,1,27,0,0,0,0,7,0,1.4,1.4,7
ChambersARSDEF,Chambers,ARS,DEF,4.5,0.009,6.00,6,90,0,0,1,0,0,0,0,0,0,0,26,0,0,0,0,6,0,1.3,1.3,6
XhakaARSMID,Xhaka,ARS,MID,5.5,0.017,2.00,2,90,0,0,1,0,0,0,1,0,0,0,11,0,0,0,0,2,0,0.4,0.4,2
GuendouziARSMID,Guendouzi,ARS,MID,4.5,0.053,3.00,3,90,0,0,1,0,0,0,0,0,0,0,15,0,0,0,0,3,0,0.7,0.7,3
AubameyangARSFWD,Aubameyang,ARS,FWD,11,0.273,6.00,6,90,1,0,1,0,0,0,0,0,0,0,25,0,0,0,0,6,0,0.5,0.5,6
HeatonAVLGKP,Heaton,AVL,GKP,4.5,0.067,2.00,2,90,0,0,0,3,0,0,0,0,3,0,15,24.2,0,0,2.4,2,0,0.4,0.4,2
El MohamadyAVLDEF,El Mohamady,AVL,DEF,4.5,0.021,1.00,1,90,0,0,0,3,0,0,0,0,0,0,10,12.2,0.9,0,1.3,1,0,0.2,0.2,1
TaylorAVLDEF,Taylor,AVL,DEF,4.5,0.002,1.00,1,90,0,0,0,3,0,0,0,0,0,0,13,23.2,1,0,2.4,1,0,0.2,0.2,1
MingsAVLDEF,Mings,AVL,DEF,4.5,0.020,6.00,6,90,0,1,0,3,0,0,0,0,0,2,31,70.6,10,0,8.1,6,0,1.3,1.3,6
EngelsAVLDEF,Engels,AVL,DEF,4.5,0.001,1.00,1,90,0,0,0,3,0,0,0,0,0,0,12,27.8,0,0,2.8,1,0,0.2,0.2,1
GrealishAVLMID,Grealish,AVL,MID,6,0.062,2.00,2,90,0,0,0,3,0,0,0,0,0,0,22,25,22.1,0,4.7,2,0,0.3,0.3,2
El GhaziAVLMID,El Ghazi,AVL,MID,5.5,0.004,2.00,2,90,0,0,0,3,0,0,0,0,0,0,0,1.4,5.3,8,1.5,2,0,0.4,0.4,2
McGinnAVLMID,McGinn,AVL,MID,5.5,0.032,7.00,7,90,1,0,0,3,0,0,0,0,0,0,23,49.6,13.4,26,8.9,7,0,1.3,1.3,7
RamsdaleBOUGKP,Ramsdale,BOU,GKP,4.5,0.001,2.00,2,90,0,0,0,1,0,0,0,0,2,0,11,9.8,0,0,1,2,0,0.4,0.4,2
Steve CookBOUDEF,Steve Cook,BOU,DEF,5,0.002,2.00,2,90,0,0,0,1,0,0,0,0,0,0,12,14,0.1,4,1.8,2,0,0.4,0.4,2
AkeBOUDEF,Ake,BOU,DEF,5,0.190,2.00,2,90,0,0,0,1,0,0,0,0,0,0,19,16.4,21.7,22,6,2,0,0.4,0.4,2
MephamBOUDEF,Mepham,BOU,DEF,4.5,0.007,10.00,10,90,1,0,0,1,0,0,0,0,0,2,24,45.4,1.2,37,8.4,10,1,2.2,2.2,10
Adam SmithBOUDEF,Adam Smith,BOU,DEF,4.5,0.016,1.00,1,90,0,0,0,1,0,0,1,0,0,0,10,3.4,5.8,4,1.3,1,0,0.2,0.2,1
RicoBOUDEF,Rico,BOU,DEF,4,0.054,2.00,2,90,0,0,0,1,0,0,0,0,0,0,13,21,16.6,3,4.1,2,0,0.5,0.5,2
FraserBOUMID,Fraser,BOU,MID,7.5,0.189,1.00,1,90,0,0,0,1,0,0,1,0,0,0,0,1.6,20.7,5,2.7,1,0,0.1,0.1,1
LermaBOUMID,Lerma,BOU,MID,5,0.002,2.00,2,90,0,0,0,1,0,0,0,0,0,0,13,11.2,3.3,9,2.4,2,0,0.4,0.4,2
BillingBOUMID,Billing,BOU,MID,5,0.002,2.00,2,90,0,0,0,1,0,0,0,0,0,0,15,22.4,23.3,10,5.6,2,0,0.4,0.4,2
KingBOUFWD,King,BOU,FWD,6.5,0.205,2.00,2,90,0,0,0,1,0,0,0,0,0,0,6,5,12.4,22,3.9,2,0,0.3,0.3,2
RyanBHAGKP,Ryan,BHA,GKP,4.5,0.135,9.00,9,90,0,0,1,0,0,0,0,0,3,2,29,25.4,0,0,2.5,9,0,2,2,9
DuffyBHADEF,Duffy,BHA,DEF,5,0.030,6.00,6,90,0,0,1,0,0,0,0,0,0,0,26,22.6,0.2,2,2.5,6,0,1.2,1.2,6
MontoyaBHADEF,Montoya,BHA,DEF,4.5,0.007,6.00,6,90,0,0,1,0,0,0,0,0,0,0,21,13,12.6,2,2.8,6,0,1.3,1.3,6
DunkBHADEF,Dunk,BHA,DEF,4.5,0.080,11.00,11,90,0,1,1,0,0,0,1,0,0,3,41,35.8,13.3,2,5.1,11,1,2.4,2.4,11