PlayerID,Player,Team,Position,Cost,Selection,Form,Points,Goals,Assists,Minutes,ICT Index,Bonus,Clean Sheets,Dream Team,Goals Conceded,PPG,Saves,Yellow
CresswellWHUDEF,Cresswell,WHU,DEF,5,0.004,0,0,0,0,90,1.1,0,0,0,5,0,0,0
ZabaletaWHUDEF,Zabaleta,WHU,DEF,4.5,0.007,0,0,0,0,0,0,0,0,0,0,0,0,0
ReidWHUDEF,Reid,WHU,DEF,4,0.051,0,0,0,0,0,0,0,0,0,0,0,0,0
JohnsonWHUDEF,Johnson,WHU,DEF,4,0.012,0,0,0,0,0,0,0,0,0,0,0,0,0
NobleWHUMID,Noble,WHU,MID,5,0.003,0,0,0,0,0,0,0,0,0,0,0,0,0
DianganaWHUMID,Diangana,WHU,MID,4.5,0.001,0,0,0,0,0,0,0,0,0,0,0,0,0
ObiangWHUMID,Obiang,WHU,MID,4.5,0.001,0,0,0,0,0,0,0,0,0,0,0,0,0
ArnautovicWHUFWD,Arnautovic,WHU,FWD,7,0.001,0,0,0,0,0,0,0,0,0,0,0,0,0
Xande SilvaWHUFWD,Xande Silva,WHU,FWD,4.5,0.021,0,0,0,0,0,0,0,0,0,0,0,0,0
AjetiWHUFWD,Ajeti,WHU,FWD,6,0.001,0,0,0,0,0,0,0,0,0,0,0,0,0
RuddyWOLGKP,Ruddy,WOL,GKP,4.5,0.005,0,0,0,0,0,0,0,0,0,0,0,0,0
NorrisWOLGKP,Norris,WOL,GKP,4,0.008,0,0,0,0,0,0,0,0,0,0,0,0,0
VinagreWOLDEF,Vinagre,WOL,DEF,4.5,0.003,0,0,0,0,0,0,0,0,0,0,0,0,0
KilmanWOLDEF,Kilman,WOL,DEF,4,0.019,0,0,0,0,0,0,0,0,0,0,0,0,0
VallejoWOLDEF,Vallejo,WOL,DEF,5,0.004,0,0,0,0,0,0,0,0,0,0,0,0,0
Gibbs-WhiteWOLMID,Gibbs-White,WOL,MID,5,0.001,0,0,0,0,0,0,0,0,0,0,0,0,0
CostaWOLMID,Costa,WOL,MID,5,0,0,0,0,0,0,0,0,0,0,0,0,0,0
CavaleiroWOLMID,Cavaleiro,WOL,MID,5,0,0,0,0,0,0,0,0,0,0,0,0,0,0
BalbuenaWHUDEF,Balbuena,WHU,DEF,4.5,0.004,-0.5,-1,0,0,90,0.6,0,0,0,5,0,0,1
AustinSOUFWD,Austin,SOU,FWD,6,0.001,0,0,0,0,0,0,0,0,0,0,0,0,0
LongSOUFWD,Long,SOU,FWD,5,0.045,0,0,0,0,0,0,0,0,0,0,0,0,0
GallagherSOUFWD,Gallagher,SOU,FWD,4.5,0.001,0,0,0,0,0,0,0,0,0,0,0,0,0
GazzanigaTOTGKP,Gazzaniga,TOT,GKP,4.5,0.003,0,0,0,0,0,0,0,0,0,0,0,0,0
DaviesTOTDEF,Davies,TOT,DEF,5.5,0.001,0,0,0,0,0,0,0,0,0,0,0,0,0
VertonghenTOTDEF,Vertonghen,TOT,DEF,5.4,0.026,0,0,0,0,0,0,0,0,0,0,0,0,0
TrippierTOTDEF,Trippier,TOT,DEF,5.5,0.002,0,0,0,0,0,0,0,0,0,0,0,0,0
FoythTOTDEF,Foyth,TOT,DEF,5,0,0,0,0,0,0,0,0,0,0,0,0,0,0
AurierTOTDEF,Aurier,TOT,DEF,5,0.003,0,0,0,0,0,0,0,0,0,0,0,0,0
SonTOTMID,Son,TOT,MID,9.5,0.013,0,0,0,0,0,0,0,0,0,0,0,0,0
AlliTOTMID,Alli,TOT,MID,8.4,0.004,0,0,0,0,0,0,0,0,0,0,0,0,0
WanyamaTOTMID,Wanyama,TOT,MID,5,0.001,0,0,0,0,0,0,0,0,0,0,0,0,0
DierTOTMID,Dier,TOT,MID,5,0.002,0,0,0,0,0,0,0,0,0,0,0,0,0
AmosTOTMID,Amos,TOT,MID,4.5,0,0,0,0,0,0,0,0,0,0,0,0,0,0
SessegnonTOTMID,Sessegnon,TOT,MID,5.5,0.002,0,0,0,0,0,0,0,0,0,0,0,0,0
JanssenTOTFWD,Janssen,TOT,FWD,4.5,0.001,0,0,0,0,0,0,0,0,0,0,0,0,0
ParrottTOTFWD,Parrott,TOT,FWD,4.5,0.009,0,0,0,0,0,0,0,0,0,0,0,0,0
DahlbergWATGKP,Dahlberg,WAT,GKP,4.5,0.002,0,0,0,0,0,0,0,0,0,0,0,0,0
GomesWATGKP,Gomes,WAT,GKP,4.5,0.002,0,0,0,0,0,0,0,0,0,0,0,0,0
KabaseleWATDEF,Kabasele,WAT,DEF,4.5,0.002,0,0,0,0,0,0,0,0,0,0,0,0,0
MasinaWATDEF,Masina,WAT,DEF,4.5,0.001,0,0,0,0,0,0,0,0,0,0,0,0,0
MariappaWATDEF,Mariappa,WAT,DEF,4.5,0.002,0,0,0,0,0,0,0,0,0,0,0,0,0
JanmaatWATDEF,Janmaat,WAT,DEF,4.5,0.005,0,0,0,0,0,0,0,0,0,0,0,0,0
NavarroWATDEF,Navarro,WAT,DEF,4,0.001,0,0,0,0,0,0,0,0,0,0,0,0,0
PrödlWATDEF,Prödl,WAT,DEF,4,0.017,0,0,0,0,0,0,0,0,0,0,0,0,0
SemaWATMID,Sema,WAT,MID,5,0,0,0,0,0,0,0,0,0,0,0,0,0,0
ChalobahWATMID,Chalobah,WAT,MID,4.5,0.002,0,0,0,0,0,0,0,0,0,0,0,0,0
QuinaWATMID,Quina,WAT,MID,4.5,0.001,0,0,0,0,0,0,0,0,0,0,0,0,0
SarrWATMID,Sarr,WAT,MID,6.5,0.002,0,0,0,0,0,0,0,0,0,0,0,0,0
RobertoWHUGKP,Roberto,WHU,GKP,4.5,0.003,0,0,0,0,0,0,0,0,0,0,0,0,0
McGovernNORGKP,McGovern,NOR,GKP,4,0.05,0,0,0,0,0,0,0,0,0,0,0,0,0
FahrmannNORGKP,Fahrmann,NOR,GKP,4.5,0.005,0,0,0,0,0,0,0,0,0,0,0,0,0
KloseNORDEF,Klose,NOR,DEF,4.5,0.001,0,0,0,0,0,0,0,0,0,0,0,0,0
ZimmermannNORDEF,Zimmermann,NOR,DEF,4.5,0,0,0,0,0,0,0,0,0,0,0,0,0,0
HanleyNORDEF,Hanley,NOR,DEF,4,0.026,0,0,0,0,180,2.9,0,0,0,5,0,0,0
HeiseNORDEF,Heise,NOR,DEF,4,0.006,0,0,0,0,0,0,0,0,0,0,0,0,0
RobertsNORMID,Roberts,NOR,MID,5.4,0.001,0,0,0,0,0,0,0,0,0,0,0,0,0
AmadouNORMID,Amadou,NOR,MID,4.5,0.001,0,0,0,0,0,0,0,0,0,0,0,0,0
SrbenyNORFWD,Srbeny,NOR,FWD,5.4,0.001,0,0,0,0,0,0,0,0,0,0,0,0,0
EastwoodSHUGKP,Eastwood,SHU,GKP,4.5,0.003,0,0,0,0,0,0,0,0,0,0,0,0,0
MooreSHUGKP,Moore,SHU,GKP,4.5,0.001,0,0,0,0,0,0,0,0,0,0,0,0,0
VerripsSHUGKP,Verrips,SHU,GKP,4.5,0,0,0,0,0,0,0,0,0,0,0,0,0,0
FreemanSHUDEF,Freeman,SHU,DEF,4.5,0.001,0,0,0,0,0,0,0,0,0,0,0,0,0
StearmanSHUDEF,Stearman,SHU,DEF,4,0.025,0,0,0,0,0,0,0,0,0,0,0,0,0
DuffySHUMID,Duffy,SHU,MID,5.4,0.001,0,0,0,0,0,0,0,0,0,0,0,0,0
MorrisonSHUMID,Morrison,SHU,MID,5,0.002,0,0,0,0,0,0,0,0,0,0,0,0,0
OsbornSHUMID,Osborn,SHU,MID,5,0,0,0,0,0,0,0,0,0,0,0,0,0,0
BešićSHUMID,Bešić,SHU,MID,4.5,0.003,0,0,0,0,0,0,0,0,0,0,0,0,0
MoussetSHUFWD,Mousset,SHU,FWD,5,0.004,0,0,0,0,0,0,0,0,0,0,0,0,0
ForsterSOUGKP,Forster,SOU,GKP,4.5,0.01,0,0,0,0,0,0,0,0,0,0,0,0,0
McCarthySOUGKP,McCarthy,SOU,GKP,4.5,0.006,0,0,0,0,0,0,0,0,0,0,0,0,0
RamsaySOUDEF,Ramsay,SOU,DEF,4,0.012,0,0,0,0,0,0,0,0,0,0,0,0,0
HoedtSOUDEF,Hoedt,SOU,DEF,4.5,0.001,0,0,0,0,0,0,0,0,0,0,0,0,0
CédricSOUDEF,Cédric,SOU,DEF,5,0.003,0,0,0,0,0,0,0,0,0,0,0,0,0
DansoSOUDEF,Danso,SOU,DEF,4.5,0,0,0,0,0,0,0,0,0,0,0,0,0,0
ElyounoussiSOUMID,Elyounoussi,SOU,MID,5.5,0.001,0,0,0,0,0,0,0,0,0,0,0,0,0
LeminaSOUMID,Lemina,SOU,MID,4.9,0.002,0,0,0,0,0,0,0,0,0,0,0,0,0
JohnsonSOUMID,Johnson,SOU,MID,4.5,0,0,0,0,0,0,0,0,0,0,0,0,0,0
SlatterySOUMID,Slattery,SOU,MID,4.5,0.002,0,0,0,0,0,0,0,0,0,0,0,0,0
DjenepoSOUMID,Djenepo,SOU,MID,5.5,0.001,0,0,0,0,13,0.2,0,0,0,0,0,0,1
FernandinhoMCIMID,Fernandinho,MCI,MID,5.4,0.01,0,0,0,0,0,0,0,0,0,0,0,0,0
RomeroMUNGKP,Romero,MUN,GKP,5,0.002,0,0,0,0,0,0,0,0,0,0,0,0,0
GrantMUNGKP,Grant,MUN,GKP,5,0.001,0,0,0,0,0,0,0,0,0,0,0,0,0
SmallingMUNDEF,Smalling,MUN,DEF,5.5,0.003,0,0,0,0,0,0,0,0,0,0,0,0,0
YoungMUNDEF,Young,MUN,DEF,5.4,0.004,0,0,0,0,0,0,0,0,0,0,0,0,0
RojoMUNDEF,Rojo,MUN,DEF,5,0.002,0,0,0,0,0,0,0,0,0,0,0,0,0
BaillyMUNDEF,Bailly,MUN,DEF,5,0,0,0,0,0,0,0,0,0,0,0,0,0,0
DalotMUNDEF,Dalot,MUN,DEF,4.9,0.002,0,0,0,0,0,0,0,0,0,0,0,0,0
DarmianMUNDEF,Darmian,MUN,DEF,5,0.001,0,0,0,0,0,0,0,0,0,0,0,0,0
JonesMUNDEF,Jones,MUN,DEF,5,0.002,0,0,0,0,0,0,0,0,0,0,0,0,0
TuanzebeMUNDEF,Tuanzebe,MUN,DEF,4.5,0.001,0,0,0,0,0,0,0,0,0,0,0,0,0
SánchezMUNMID,Sánchez,MUN,MID,7,0.008,0,0,0,0,0,0,0,0,0,0,0,0,0
FredMUNMID,Fred,MUN,MID,5.4,0.002,0,0,0,0,0,0,0,0,0,0,0,0,0
GomesMUNMID,Gomes,MUN,MID,5,0.001,0,0,0,0,0,0,0,0,0,0,0,0,0
MaticMUNMID,Matic,MUN,MID,4.9,0.006,0,0,0,0,0,0,0,0,0,0,0,0,0
ChongMUNMID,Chong,MUN,MID,4.5,0.003,0,0,0,0,0,0,0,0,0,0,0,0,0
GarnerMUNMID,Garner,MUN,MID,4.5,0.001,0,0,0,0,0,0,0,0,0,0,0,0,0
LukakuMUNFWD,Lukaku,MUN,FWD,8.5,0.005,0,0,0,0,0,0,0,0,0,0,0,0,0
DarlowNEWGKP,Darlow,NEW,GKP,4.5,0.002,0,0,0,0,0,0,0,0,0,0,0,0,0
WoodmanNEWGKP,Woodman,NEW,GKP,4,0.01,0,0,0,0,0,0,0,0,0,0,0,0,0
YedlinNEWDEF,Yedlin,NEW,DEF,4.5,0,0,0,0,0,0,0,0,0,0,0,0,0,0
FernándezNEWDEF,Fernández,NEW,DEF,4.5,0.002,0,0,0,0,0,0,0,0,0,0,0,0,0
LejeuneNEWDEF,Lejeune,NEW,DEF,4.5,0,0,0,0,0,0,0,0,0,0,0,0,0,0
ClarkNEWDEF,Clark,NEW,DEF,4.5,0.002,0,0,0,0,0,0,0,0,0,0,0,0,0
AtsuNEWMID,Atsu,NEW,MID,5.5,0.001,0,0,0,0,0,0,0,0,0,0,0,0,0
ColbackNEWMID,Colback,NEW,MID,4.5,0.001,0,0,0,0,0,0,0,0,0,0,0,0,0
MurphyNEWMID,Murphy,NEW,MID,4.9,0,0,0,0,0,0,0,0,0,0,0,0,0,0
AaronsNEWMID,Aarons,NEW,MID,5,0.001,0,0,0,0,0,0,0,0,0,0,0,0,0
JoseluNEWFWD,Joselu,NEW,FWD,5,0.001,0,0,0,0,0,0,0,0,0,0,0,0,0
CarrollNEWFWD,Carroll,NEW,FWD,5.5,0.001,0,0,0,0,0,0,0,0,0,0,0,0,0
LookmanEVEMID,Lookman,EVE,MID,5,0,0,0,0,0,0,0,0,0,0,0,0,0,0
GueyeEVEMID,Gueye,EVE,MID,5,0,0,0,0,0,0,0,0,0,0,0,0,0,0
SchneiderlinEVEMID,Schneiderlin,EVE,MID,4.5,0.01,0,0,0,0,75,2.3,0,1,0,0,0,0,0
TosunEVEFWD,Tosun,EVE,FWD,5.9,0.002,0,0,0,0,0,0,0,0,0,0,0,0,0
JakupovicLEIGKP,Jakupovic,LEI,GKP,4.5,0.001,0,0,0,0,0,0,0,0,0,0,0,0,0
WardLEIGKP,Ward,LEI,GKP,4.5,0.002,0,0,0,0,0,0,0,0,0,0,0,0,0
MorganLEIDEF,Morgan,LEI,DEF,4.5,0.012,0,0,0,0,0,0,0,0,0,0,0,0,0
JustinLEIDEF,Justin,LEI,DEF,5,0.001,0,0,0,0,0,0,0,0,0,0,0,0,0
GhezzalLEIMID,Ghezzal,LEI,MID,5.5,0.001,0,0,0,0,0,0,0,0,0,0,0,0,0
GrayLEIMID,Gray,LEI,MID,5.5,0.005,0,0,0,0,0,0,0,0,0,0,0,0,0
JamesLEIMID,James,LEI,MID,4.5,0.003,0,0,0,0,0,0,0,0,0,0,0,0,0
AmarteyLEIMID,Amartey,LEI,MID,4.5,0.004,0,0,0,0,0,0,0,0,0,0,0,0,0
MendyLEIMID,Mendy,LEI,MID,4.5,0.008,0,0,0,0,0,0,0,0,0,0,0,0,0
KingLEIMID,King,LEI,MID,4.5,0.005,0,0,0,0,0,0,0,0,0,0,0,0,0
IheanachoLEIFWD,Iheanacho,LEI,FWD,5.9,0.003,0,0,0,0,0,0,0,0,0,0,0,0,0
MignoletLIVGKP,Mignolet,LIV,GKP,4.5,0.001,0,0,0,0,0,0,0,0,0,0,0,0,0
LonerganLIVGKP,Lonergan,LIV,GKP,4.5,0,0,0,0,0,0,0,0,0,0,0,0,0,0
KelleherLIVGKP,Kelleher,LIV,GKP,4.5,0,0,0,0,0,0,0,0,0,0,0,0,0,0
LovrenLIVDEF,Lovren,LIV,DEF,5.5,0.002,0,0,0,0,0,0,0,0,0,0,0,0,0
ShaqiriLIVMID,Shaqiri,LIV,MID,6.4,0.004,0,0,0,0,0,0,0,0,0,0,0,0,0
LallanaLIVMID,Lallana,LIV,MID,6,0.001,0,0,0,0,0,0,0,0,0,0,0,0,0
KeitaLIVMID,Keita,LIV,MID,5.9,0.003,0,0,0,0,0,0,0,0,0,0,0,0,0
CamachoLIVMID,Camacho,LIV,MID,4.5,0,0,0,0,0,0,0,0,0,0,0,0,0,0
BrewsterLIVFWD,Brewster,LIV,FWD,4.5,0.006,0,0,0,0,0,0,0,0,0,0,0,0,0
BravoMCIGKP,Bravo,MCI,GKP,4.9,0.003,0,0,0,0,0,0,0,0,0,0,0,0,0
MendyMCIDEF,Mendy,MCI,DEF,6,0.003,0,0,0,0,0,0,0,0,0,0,0,0,0
DaniloMCIDEF,Danilo,MCI,DEF,5,0.001,0,0,0,0,0,0,0,0,0,0,0,0,0
AngeliñoMCIDEF,Angeliño,MCI,DEF,4.9,0.002,0,0,0,0,0,0,0,0,0,0,0,0,0
CanceloMCIDEF,Cancelo,MCI,DEF,5.5,0.013,0,0,0,0,0,0,0,0,0,0,0,0,0
SanéMCIMID,Sané,MCI,MID,9.4,0.004,0,0,0,0,0,0,0,0,0,0,0,0,0
DefourBURMID,Defour,BUR,MID,5.5,0,0,0,0,0,0,0,0,0,0,0,0,0,0
HendrickBURMID,Hendrick,BUR,MID,5.5,0.001,0,0,0,0,0,0,0,0,0,0,0,0,0
DrinkwaterBURMID,Drinkwater,BUR,MID,4.5,0.021,0,0,0,0,0,0,0,0,0,0,0,0,0
VydraBURFWD,Vydra,BUR,FWD,5.5,0.001,0,0,0,0,0,0,0,0,0,0,0,0,0
CaballeroCHEGKP,Caballero,CHE,GKP,5,0.002,0,0,0,0,0,0,0,0,0,0,0,0,0
AlonsoCHEDEF,Alonso,CHE,DEF,6.4,0.035,0,0,0,0,0,0,0,0,0,0,0,0,0
RüdigerCHEDEF,Rüdiger,CHE,DEF,6,0.001,0,0,0,0,0,0,0,0,0,0,0,0,0
ZappacostaCHEDEF,Zappacosta,CHE,DEF,4.5,0.005,0,0,0,0,0,0,0,0,0,0,0,0,0
JamesCHEDEF,James,CHE,DEF,5,0.001,0,0,0,0,0,0,0,0,0,0,0,0,0
TomoriCHEDEF,Tomori,CHE,DEF,4.5,0,0,0,0,0,0,0,0,0,0,0,0,0,0
Loftus-CheekCHEMID,Loftus-Cheek,CHE,MID,6.5,0.001,0,0,0,0,0,0,0,0,0,0,0,0,0
Hudson-OdoiCHEMID,Hudson-Odoi,CHE,MID,6,0.001,0,0,0,0,0,0,0,0,0,0,0,0,0
AmpaduCHEMID,Ampadu,CHE,MID,4.5,0,0,0,0,0,0,0,0,0,0,0,0,0,0
KenedyCHEMID,Kenedy,CHE,MID,5.5,0.001,0,0,0,0,0,0,0,0,0,0,0,0,0
BatshuayiCHEFWD,Batshuayi,CHE,FWD,6.9,0.006,0,0,0,0,0,0,0,0,0,0,0,0,0
HennesseyCRYGKP,Hennessey,CRY,GKP,4.5,0.01,0,0,0,0,0,0,0,0,0,0,0,0,0
TomkinsCRYDEF,Tomkins,CRY,DEF,5,0,0,0,0,0,0,0,0,0,0,0,0,0,0
SakhoCRYDEF,Sakho,CRY,DEF,5,0.001,0,0,0,0,0,0,0,0,0,0,0,0,0
CahillCRYDEF,Cahill,CRY,DEF,4.5,0.018,0,0,0,0,0,0,0,0,0,0,0,0,0
KouyatéCRYMID,Kouyaté,CRY,MID,5,0.002,0,0,0,0,0,0,0,0,0,0,0,0,0
DreherCRYMID,Dreher,CRY,MID,4.5,0.001,0,0,0,0,0,0,0,0,0,0,0,0,0
McCarthyCRYMID,McCarthy,CRY,MID,4.5,0.007,0,0,0,0,20,0.8,0,0,0,0,0,0,1
CamarasaCRYMID,Camarasa,CRY,MID,5,0.007,0,0,0,0,0,0,0,0,0,0,0,0,0
StekelenburgEVEGKP,Stekelenburg,EVE,GKP,4,0.089,0,0,0,0,0,0,0,0,0,0,0,0,0
LösslEVEGKP,Lössl,EVE,GKP,4.5,0.006,0,0,0,0,0,0,0,0,0,0,0,0,0
BainesEVEDEF,Baines,EVE,DEF,5,0.001,0,0,0,0,0,0,0,0,0,0,0,0,0
DelphEVEDEF,Delph,EVE,DEF,5.5,0.003,0,0,0,0,0,0,0,0,0,0,0,0,0
GibsonEVEDEF,Gibson,EVE,DEF,4.5,0.002,0,0,0,0,0,0,0,0,0,0,0,0,0
SidibéEVEDEF,Sidibé,EVE,DEF,5.5,0.003,0,0,0,0,0,0,0,0,0,0,0,0,0
IwobiEVEMID,Iwobi,EVE,MID,6,0.019,0,0,0,0,0,0,0,0,0,0,0,0,0
BorucBOUGKP,Boruc,BOU,GKP,4.5,0.004,0,0,0,0,0,0,0,0,0,0,0,0,0
TraversBOUGKP,Travers,BOU,GKP,4.5,0.002,0,0,0,0,0,0,0,0,0,0,0,0,0
FrancisBOUDEF,Francis,BOU,DEF,4.5,0,0,0,0,0,0,0,0,0,0,0,0,0,0
KellyBOUDEF,Kelly,BOU,DEF,4.5,0.001,0,0,0,0,0,0,0,0,0,0,0,0,0
SimpsonBOUDEF,Simpson,BOU,DEF,4,0.077,0,0,0,0,0,0,0,0,0,0,0,0,0
StaceyBOUDEF,Stacey,BOU,DEF,4.4,0.001,0,0,0,0,0,0,0,0,0,0,0,0,0
BrooksBOUMID,Brooks,BOU,MID,6.4,0.002,0,0,0,0,0,0,0,0,0,0,0,0,0
StanislasBOUMID,Stanislas,BOU,MID,6,0,0,0,0,0,0,0,0,0,0,0,0,0,0
IbeBOUMID,Ibe,BOU,MID,5,0.003,0,0,0,0,0,0,0,0,0,0,0,0,0
Lewis CookBOUMID,Lewis Cook,BOU,MID,5,0,0,0,0,0,0,0,0,0,0,0,0,0,0
GoslingBOUMID,Gosling,BOU,MID,5,0,0,0,0,0,0,0,0,0,0,0,0,0,0
DanjumaBOUMID,Danjuma,BOU,MID,6,0,0,0,0,0,0,0,0,0,0,0,0,0,0
SurridgeBOUFWD,Surridge,BOU,FWD,4.5,0.007,0,0,0,0,0,0,0,0,0,0,0,0,0
ButtonBHAGKP,Button,BHA,GKP,4,0.259,0,0,0,0,0,0,0,0,0,0,0,0,0
BalogunBHADEF,Balogun,BHA,DEF,4.5,0.001,0,0,0,0,0,0,0,0,0,0,0,0,0
BongBHADEF,Bong,BHA,DEF,4.5,0.002,0,0,0,0,0,0,0,0,0,0,0,0,0
ClarkeBHADEF,Clarke,BHA,DEF,4.5,0,0,0,0,0,0,0,0,0,0,0,0,0,0
WebsterBHADEF,Webster,BHA,DEF,4.5,0.001,0,0,0,0,0,0,0,0,0,0,0,0,0
JahanbakhshBHAMID,Jahanbakhsh,BHA,MID,5.9,0.001,0,0,0,0,0,0,0,0,0,0,0,0,0
IzquierdoBHAMID,Izquierdo,BHA,MID,5.5,0,0,0,0,0,0,0,0,0,0,0,0,0,0
KnockaertBHAMID,Knockaert,BHA,MID,5.5,0,0,0,0,0,0,0,0,0,0,0,0,0,0
BissoumaBHAMID,Bissouma,BHA,MID,5,0,0,0,0,0,0,0,0,0,0,0,0,0,0
KayalBHAMID,Kayal,BHA,MID,4.5,0.001,0,0,0,0,0,0,0,0,0,0,0,0,0
HartBURGKP,Hart,BUR,GKP,4.5,0.018,0,0,0,0,0,0,0,0,0,0,0,0,0
Peacock-FarrellBURGKP,Peacock-Farrell,BUR,GKP,4.5,0.001,0,0,0,0,0,0,0,0,0,0,0,0,0
BardsleyBURDEF,Bardsley,BUR,DEF,4.5,0.002,0,0,0,0,0,0,0,0,0,0,0,0,0
TaylorBURDEF,Taylor,BUR,DEF,4.4,0.011,0,0,0,0,0,0,0,0,0,0,0,0,0
LongBURDEF,Long,BUR,DEF,4.5,0.002,0,0,0,0,0,0,0,0,0,0,0,0,0
GibsonBURDEF,Gibson,BUR,DEF,4,0.031,0,0,0,0,0,0,0,0,0,0,0,0,0
BradyBURMID,Brady,BUR,MID,5.5,0,0,0,0,0,0,0,0,0,0,0,0,0,0
Felipe AndersonWHUMID,Felipe Anderson,WHU,MID,6.9,0.057,0.5,1,0,0,65,0.5,0,0,0,2,1,0,1
YarmolenkoWHUMID,Yarmolenko,WHU,MID,5.9,0.002,0.5,1,0,0,13,0.2,0,0,0,0,1,0,0
Carlos SánchezWHUMID,Carlos Sánchez,WHU,MID,4.5,0.004,0.5,1,0,0,7,0,0,0,0,0,1,0,0
SaïssWOLDEF,Saïss,WOL,DEF,4.5,0.003,0.5,1,0,0,9,0.3,0,0,0,0,1,0,0
TraoréWOLMID,Traoré,WOL,MID,5,0.003,0.5,1,0,0,45,2.8,0,0,0,0,1,0,0
NetoWOLMID,Neto,WOL,MID,5,0,0.5,1,0,0,4,0.4,0,0,0,0,1,0,0
MartínezARSGKP,Martínez,ARS,GKP,4.5,0.003,0,0,0,0,0,0,0,0,0,0,0,0,0
MustafiARSDEF,Mustafi,ARS,DEF,5.4,0.005,0,0,0,0,0,0,0,0,0,0,0,0,0
BellerínARSDEF,Bellerín,ARS,DEF,5.5,0.001,0,0,0,0,0,0,0,0,0,0,0,0,0
KoscielnyARSDEF,Koscielny,ARS,DEF,5,0.002,0,0,0,0,0,0,0,0,0,0,0,0,0
MavropanosARSDEF,Mavropanos,ARS,DEF,4.4,0.001,0,0,0,0,0,0,0,0,0,0,0,0,0
JenkinsonARSDEF,Jenkinson,ARS,DEF,4.5,0,0,0,0,0,0,0,0,0,0,0,0,0,0
HoldingARSDEF,Holding,ARS,DEF,4.5,0.001,0,0,0,0,0,0,0,0,0,0,0,0,0
TierneyARSDEF,Tierney,ARS,DEF,5.5,0.006,0,0,0,0,0,0,0,0,0,0,0,0,0
ÖzilARSMID,Özil,ARS,MID,7.4,0.009,0,0,0,0,0,0,0,0,0,0,0,0,0
ElnenyARSMID,Elneny,ARS,MID,4.5,0.003,0,0,0,0,0,0,0,0,0,0,0,0,0
NketiahARSFWD,Nketiah,ARS,FWD,4.5,0.012,0,0,0,0,0,0,0,0,0,0,0,0,0
NylandAVLGKP,Nyland,AVL,GKP,4.5,0.002,0,0,0,0,0,0,0,0,0,0,0,0,0
SteerAVLGKP,Steer,AVL,GKP,4.5,0.001,0,0,0,0,0,0,0,0,0,0,0,0,0
KalinicAVLGKP,Kalinic,AVL,GKP,4.5,0.001,0,0,0,0,0,0,0,0,0,0,0,0,0
ChesterAVLDEF,Chester,AVL,DEF,4.5,0.001,0,0,0,0,0,0,0,0,0,0,0,0,0
HauseAVLDEF,Hause,AVL,DEF,4.5,0.001,0,0,0,0,0,0,0,0,0,0,0,0,0
TargettAVLDEF,Targett,AVL,DEF,4.5,0.01,0,0,0,0,0,0,0,0,0,0,0,0,0
KonsaAVLDEF,Konsa,AVL,DEF,4.5,0.001,0,0,0,0,0,0,0,0,0,0,0,0,0
GuilbertAVLDEF,Guilbert,AVL,DEF,4.5,0.004,0,0,0,0,0,0,0,0,0,0,0,0,0
GreenAVLMID,Green,AVL,MID,5,0,0,0,0,0,0,0,0,0,0,0,0,0,0
BjarnasonAVLMID,Bjarnason,AVL,MID,4.5,0.001,0,0,0,0,0,0,0,0,0,0,0,0,0
LansburyAVLMID,Lansbury,AVL,MID,4.5,0.002,0,0,0,0,0,0,0,0,0,0,0,0,0
NakambaAVLMID,Nakamba,AVL,MID,4.5,0.002,0,0,0,0,0,0,0,0,0,0,0,0,0
BegovicBOUGKP,Begovic,BOU,GKP,4.5,0.025,0,0,0,0,0,0,0,0,0,0,0,0,0
HolgateEVEDEF,Holgate,EVE,DEF,4.5,0.002,0.5,1,0,0,17,0.8,0,0,0,0,1,0,0
WalcottEVEMID,Walcott,EVE,MID,6.4,0.007,0.5,1,0,0,27,0.3,0,0,0,0,1,0,0
DaviesEVEMID,Davies,EVE,MID,5.5,0.002,0.5,1,0,0,11,0.2,0,0,0,0,1,0,0
BarnesLEIMID,Barnes,LEI,MID,6,0.002,0.5,1,0,0,29,1.9,0,0,0,0,1,0,0
PraetLEIMID,Praet,LEI,MID,5.5,0.001,0.5,1,0,0,17,0.5,0,0,0,0,1,0,0
AlissonLIVGKP,Alisson,LIV,GKP,5.9,0.109,0.5,1,0,0,38,0.6,0,0,0,0,1,2,0
OtamendiMCIDEF,Otamendi,MCI,DEF,5.4,0.012,0.5,1,0,0,90,8.3,0,0,0,2,1,0,0
FodenMCIMID,Foden,MCI,MID,5.5,0.006,0.5,1,0,0,10,0.1,0,0,0,0,1,0,0
WillemsNEWDEF,Willems,NEW,DEF,4.5,0.002,0.5,1,0,0,36,1.9,0,0,0,1,1,0,0
KrafthNEWDEF,Krafth,NEW,DEF,4.5,0.001,0.5,1,0,0,90,1.6,0,0,0,3,1,0,0
Saint-MaximinNEWMID,Saint-Maximin,NEW,MID,5.5,0.005,0.5,1,0,0,23,0,0,0,0,0,1,0,0
MutoNEWFWD,Muto,NEW,FWD,5.5,0.002,0.5,1,0,0,23,0.3,0,0,0,1,1,0,0
AaronsNORDEF,Aarons,NOR,DEF,4.5,0.027,0.5,1,0,0,180,6.3,0,0,0,5,0.5,0,1
ByramNORDEF,Byram,NOR,DEF,4.5,0.001,0.5,1,0,0,1,0.1,0,0,0,1,1,0,0
VrancicNORMID,Vrancic,NOR,MID,6.4,0.002,0.5,1,0,0,6,3.1,0,0,0,1,1,0,0
HernándezNORMID,Hernández,NOR,MID,5.5,0.002,0.5,1,0,0,20,2.1,0,0,0,0,1,0,0
TetteyNORMID,Tettey,NOR,MID,4.5,0.002,0.5,1,0,0,3,0.2,0,0,0,1,1,0,0
DrmicNORFWD,Drmic,NOR,FWD,5.5,0.001,0.5,1,0,0,7,0.2,0,0,0,0,1,0,0
JagielkaSHUDEF,Jagielka,SHU,DEF,4.5,0.007,0.5,1,0,0,1,0.5,0,0,0,0,1,0,0
StephensSOUDEF,Stephens,SOU,DEF,4.5,0.001,0.5,1,0,0,72,1.3,0,0,0,2,1,0,0
YoshidaSOUDEF,Yoshida,SOU,DEF,4.5,0.004,0.5,1,0,0,90,5,0,0,0,2,1,0,0
ArmstrongSOUMID,Armstrong,SOU,MID,5.5,0.002,0.5,1,0,0,22,0.1,0,0,0,1,1,0,0
BoufalSOUMID,Boufal,SOU,MID,5.5,0.001,0.5,1,0,0,17,2.4,0,0,0,1,1,0,0
ObafemiSOUFWD,Obafemi,SOU,FWD,5,0.003,0.5,1,0,0,24,0.4,0,0,0,2,1,0,0
Lo CelsoTOTMID,Lo Celso,TOT,MID,7.5,0.005,0.5,1,0,0,5,0,0,0,0,0,1,0,0
NkoudouTOTMID,Nkoudou,TOT,MID,5,0,0.5,1,0,0,2,1.8,0,0,0,0,1,0,0
CleverleyWATMID,Cleverley,WAT,MID,5,0.001,0.5,1,0,0,11,0.3,0,0,0,0,1,0,0
SuccessWATFWD,Success,WAT,FWD,5,0.008,0.5,1,0,0,15,0,0,0,0,1,1,0,0
WelbeckWATFWD,Welbeck,WAT,FWD,6,0.002,0.5,1,0,0,23,0.9,0,0,0,0,1,0,0
MasuakuWHUDEF,Masuaku,WHU,DEF,4.5,0.004,0.5,1,0,0,90,2,0,0,0,1,1,0,1
FleckSHUMID,Fleck,SHU,MID,5,0.001,1,2,0,0,118,5.5,0,0,0,1,1,0,1
McBurnieSHUFWD,McBurnie,SHU,FWD,6,0.001,1,2,0,0,61,2.7,0,0,0,0,1,0,0
VestergaardSOUDEF,Vestergaard,SOU,DEF,5,0.002,1,2,0,0,180,8.9,0,0,0,5,1,0,0
BertrandSOUDEF,Bertrand,SOU,DEF,5,0.01,1,2,0,0,166,2.3,0,0,0,5,1,0,0
ValerySOUDEF,Valery,SOU,DEF,5,0.004,1,2,0,0,180,8.8,0,0,0,5,1,0,0
BednarekSOUDEF,Bednarek,SOU,DEF,4.5,0.007,1,2,0,0,180,5.9,0,0,0,5,1,0,0
SkippTOTMID,Skipp,TOT,MID,4.5,0.006,1,2,0,0,2,0.5,0,0,0,0,1,0,0
HolebasWATDEF,Holebas,WAT,DEF,5,0.034,1,2,0,0,180,7,0,0,0,4,1,0,1
DoucouréWATMID,Doucouré,WAT,MID,5.9,0.025,1,2,0,0,180,6.1,0,0,0,4,1,0,0
PereyraWATMID,Pereyra,WAT,MID,5.9,0.03,1,2,0,0,135,7.4,0,0,0,3,1,0,1
OgbonnaWHUDEF,Ogbonna,WHU,DEF,4.5,0.003,1,2,0,0,90,3.2,0,0,0,1,2,0,0
FredericksWHUDEF,Fredericks,WHU,DEF,4.5,0.003,1,2,0,0,180,3.8,0,0,0,6,1,0,0
DiopWHUDEF,Diop,WHU,DEF,4.5,0.036,1,2,0,0,180,4.8,0,0,0,6,1,0,0
AntonioWHUMID,Antonio,WHU,MID,7,0.015,1,2,0,0,90,8.2,0,0,0,2,1,0,0
WilshereWHUMID,Wilshere,WHU,MID,5,0.005,1,2,0,0,100,0.6,0,0,0,2,1,0,0
HallerWHUFWD,Haller,WHU,FWD,7.5,0.031,1,2,0,0,90,0,0,0,0,5,2,0,0
CutroneWOLFWD,Cutrone,WOL,FWD,5.9,0.012,1,2,0,0,15,0.5,0,0,0,0,1,0,0
KolasinacARSDEF,Kolasinac,ARS,DEF,5.5,0.01,0.5,1,0,0,19,0.3,0,0,0,0,1,0,0
David LuizARSDEF,David Luiz,ARS,DEF,6,0.083,0.5,1,0,0,90,3.6,0,0,0,1,1,0,1
TorreiraARSMID,Torreira,ARS,MID,5,0.018,0.5,1,0,0,7,2,0,0,0,0,1,0,0
MartinelliARSFWD,Martinelli,ARS,FWD,4.5,0.017,0.5,1,0,0,6,0,0,0,0,0,1,0,0
DavisAVLMID,Davis,AVL,MID,4.5,0.004,0.5,1,0,0,3,0,0,0,0,0,1,0,0
KodjiaAVLFWD,Kodjia,AVL,FWD,5.5,0.003,0.5,1,0,0,16,0.2,0,0,0,2,1,0,0
SurmanBOUMID,Surman,BOU,MID,5,0.001,0.5,1,0,0,45,0.6,0,0,0,1,1,0,0
BernardoBHADEF,Bernardo,BHA,DEF,4.5,0.002,0.5,1,0,0,1,0,0,0,0,0,1,0,0
MooyBHAMID,Mooy,BHA,MID,5,0.003,0.5,1,0,0,5,0.1,0,0,0,0,1,0,0
ZoumaCHEDEF,Zouma,CHE,DEF,5,0.028,0.5,1,0,0,180,3.5,0,0,0,5,0.5,0,1
WillianCHEMID,Willian,CHE,MID,7,0.006,0.5,1,0,0,19,0.5,0,0,0,0,1,0,0
BarkleyCHEMID,Barkley,CHE,MID,6,0.059,0.5,1,0,0,57,4,0,0,0,1,1,0,0
SchluppCRYMID,Schlupp,CRY,MID,5.5,0.001,0.5,1,0,0,25,1.4,0,0,0,0,1,0,0
RicoBOUDEF,Rico,BOU,DEF,4,0.057,1,2,0,0,90,4.1,0,0,0,1,2,0,0
BillingBOUMID,Billing,BOU,MID,5,0.002,1,2,0,0,135,6.3,0,0,0,1,1,0,1
SolankeBOUFWD,Solanke,BOU,FWD,5.5,0.005,1,2,0,0,15,1.5,0,0,0,0,1,0,0
LocadiaBHAFWD,Locadia,BHA,FWD,5.5,0.003,1,2,0,0,63,2.4,0,1,0,0,2,0,0
LennonBURMID,Lennon,BUR,MID,5,0.001,1,2,0,0,24,0.6,0,0,0,0,1,0,0
RodriguezBURFWD,Rodriguez,BUR,FWD,5.9,0.004,1,2,0,0,35,1,0,0,0,1,1,0,0
KepaCHEGKP,Kepa,CHE,GKP,5.5,0.057,1,2,0,0,180,3,0,0,0,5,1,3,0
AzpilicuetaCHEDEF,Azpilicueta,CHE,DEF,6,0.075,1,2,0,0,180,9.9,0,0,0,5,1,0,0
EmersonCHEDEF,Emerson,CHE,DEF,5.5,0.019,1,2,0,0,180,14,0,0,0,5,1,0,0
ChristensenCHEDEF,Christensen,CHE,DEF,5,0.011,1,2,0,0,180,4.7,0,0,0,5,1,0,0
JorginhoCHEMID,Jorginho,CHE,MID,5,0.038,1,2,0,0,142,3.3,0,0,0,4,1,0,2
KantéCHEMID,Kanté,CHE,MID,5,0.079,1,2,0,0,107,6,0,0,0,2,1,0,1
AbrahamCHEFWD,Abraham,CHE,FWD,7,0.023,1,2,0,0,94,3.9,0,0,0,3,1,0,1
WickhamCRYFWD,Wickham,CRY,FWD,4.5,0.064,1,2,0,0,15,0.2,0,0,0,0,1,0,0
AyewCRYFWD,Ayew,CRY,FWD,5,0.03,1,2,0,0,64,4.1,0,1,0,0,2,0,0
KeanEVEFWD,Kean,EVE,FWD,7,0.052,1,2,0,0,39,0.5,0,0,0,0,1,0,0
FuchsLEIDEF,Fuchs,LEI,DEF,4.5,0.004,1,2,0,0,90,4.3,0,0,0,1,2,0,0
AlbrightonLEIMID,Albrighton,LEI,MID,5.5,0.003,1,2,0,0,24,4.1,0,0,0,0,1,0,0
GomezLIVDEF,Gomez,LIV,DEF,5.5,0.019,1,2,0,0,90,2.6,0,0,0,1,2,0,0
MatipLIVDEF,Matip,LIV,DEF,5.4,0.01,1,2,0,0,90,3.5,0,0,0,1,2,0,0
ChamberlainLIVMID,Chamberlain,LIV,MID,6.4,0.004,1,2,0,0,88,3.4,0,0,0,1,2,0,0
Bernardo SilvaMCIMID,Bernardo Silva,MCI,MID,7.9,0.19,1,2,0,0,79,12,0,0,0,2,2,0,0
MataMUNMID,Mata,MUN,MID,6.5,0.004,1,2,0,0,13,0.2,0,0,0,0,1,0,0
GreenwoodMUNFWD,Greenwood,MUN,FWD,4.5,0.158,1,2,0,0,5,2.3,0,0,0,0,1,0,0
DummettNEWDEF,Dummett,NEW,DEF,4.5,0.002,1,2,0,0,180,7.1,0,0,0,4,1,0,1
ManquilloNEWDEF,Manquillo,NEW,DEF,4.5,0.002,1,2,0,0,90,2.2,0,0,0,1,2,0,0
Ki Sung-yuengNEWMID,Ki Sung-yueng,NEW,MID,5,0.001,1,2,0,0,73,2.5,0,0,0,2,2,0,0
GodfreyNORDEF,Godfrey,NOR,DEF,4.5,0.002,1,2,0,0,180,4.9,0,0,0,5,1,0,0
McLeanNORMID,McLean,NOR,MID,5,0.002,1,2,0,0,90,1.2,0,0,0,4,2,0,0
LeitnerNORMID,Leitner,NOR,MID,4.5,0.003,1,2,0,0,122,4.5,0,0,0,1,1,0,1
KrulNORGKP,Krul,NOR,GKP,4.5,0.013,1.5,3,0,0,180,5.6,0,0,0,5,1.5,6,0
FreemanSHUMID,Freeman,SHU,MID,5.5,0.001,1.5,3,0,0,73,4,0,1,0,0,1.5,0,1
RobinsonSHUMID,Robinson,SHU,MID,5.5,0.008,1.5,3,0,0,145,5.8,0,0,0,1,1.5,0,0
GunnSOUGKP,Gunn,SOU,GKP,4.5,0.008,1.5,3,0,0,180,4,0,0,0,5,1.5,5,0
HøjbjergSOUMID,Højbjerg,SOU,MID,5,0.007,1.5,3,0,0,107,4.2,0,0,0,3,1.5,0,0
Oriol RomeuSOUMID,Oriol Romeu,SOU,MID,4.5,0.013,1.5,3,0,0,153,6.3,0,0,0,4,1.5,0,1
AlderweireldTOTDEF,Alderweireld,TOT,DEF,5.5,0.071,1.5,3,0,0,180,8.3,0,0,0,3,1.5,0,0
RoseTOTDEF,Rose,TOT,DEF,5.5,0.025,1.5,3,0,0,180,8.9,0,0,0,3,1.5,0,0
SánchezTOTDEF,Sánchez,TOT,DEF,5.5,0.012,1.5,3,0,0,180,8.1,0,0,0,3,1.5,0,0
Walker-PetersTOTDEF,Walker-Peters,TOT,DEF,5,0.036,1.5,3,0,0,180,7.9,0,0,0,3,1.5,0,0
EriksenTOTMID,Eriksen,TOT,MID,8.9,0.054,1.5,3,0,0,116,9.3,0,0,0,2,1.5,0,0
WinksTOTMID,Winks,TOT,MID,5.5,0.004,1.5,3,0,0,118,5.1,0,0,0,3,1.5,0,0
FosterWATGKP,Foster,WAT,GKP,5,0.025,1.5,3,0,0,180,2.1,0,0,0,4,1.5,2,0
Kiko FemeníaWATDEF,Kiko Femenía,WAT,DEF,4.5,0.007,1.5,3,0,0,180,8.8,0,0,0,4,1.5,0,0
CathcartWATDEF,Cathcart,WAT,DEF,4.5,0.036,1.5,3,0,0,180,3.3,0,0,0,4,1.5,0,0
DawsonWATDEF,Dawson,WAT,DEF,5,0.003,1.5,3,0,0,180,8.9,0,0,0,4,1.5,0,0
CapoueWATMID,Capoue,WAT,MID,5,0.009,1.5,3,0,0,172,3,0,0,0,4,1.5,0,1
DeulofeuWATFWD,Deulofeu,WAT,FWD,6.4,0.044,1.5,3,0,0,123,5.6,0,0,0,2,1.5,0,0
GrayWATFWD,Gray,WAT,FWD,5.9,0.007,1.5,3,0,0,81,3.4,0,0,0,2,1.5,0,0
SnodgrassWHUMID,Snodgrass,WHU,MID,5.5,0.003,1.5,3,0,0,124,5.9,0,0,0,4,1.5,0,0
RiceWHUMID,Rice,WHU,MID,5,0.026,1.5,3,0,0,180,3.9,0,0,0,6,1.5,0,1
FornalsWHUMID,Fornals,WHU,MID,6.5,0.008,1.5,3,0,0,121,1.8,0,0,0,5,1.5,0,0
MkhitaryanARSMID,Mkhitaryan,ARS,MID,7,0.021,1,2,0,0,83,4.2,0,1,0,0,2,0,1
XhakaARSMID,Xhaka,ARS,MID,5.5,0.012,1,2,0,0,90,4.5,0,1,0,0,2,0,1
PépéARSMID,Pépé,ARS,MID,9.4,0.04,1,2,0,0,64,5.4,0,0,0,0,1,0,0
TaylorAVLDEF,Taylor,AVL,DEF,4.5,0.002,1,2,0,0,180,7.9,0,0,0,5,1,0,0
EngelsAVLDEF,Engels,AVL,DEF,4.5,0.001,1,2,0,0,180,5.2,0,0,0,5,1,0,0
HourihaneAVLMID,Hourihane,AVL,MID,6,0.002,1,2,0,0,81,2.7,0,0,0,1,2,0,0
JotaAVLMID,Jota,AVL,MID,5.9,0.002,1,2,0,0,46,2.9,0,0,0,3,1,0,0
DanielsBOUDEF,Daniels,BOU,DEF,4.5,0.003,1,2,0,0,90,5.2,0,0,0,1,2,0,0
HaydenNEWMID,Hayden,NEW,MID,4.5,0.068,2,4,0,0,180,7.1,0,0,0,4,2,0,0
StiepermannNORMID,Stiepermann,NOR,MID,5.5,0.001,2,4,0,0,140,7.4,0,1,0,4,2,0,0
McGoldrickSHUFWD,McGoldrick,SHU,FWD,5.5,0.003,2,4,0,0,150,8,0,1,0,1,2,0,0
RedmondSOUMID,Redmond,SOU,MID,6.5,0.018,2,4,0,0,180,7.4,0,0,0,5,2,0,0
Ward-ProwseSOUMID,Ward-Prowse,SOU,MID,6,0.008,2,4,0,0,180,8.6,0,0,0,5,2,0,0
AdamsSOUFWD,Adams,SOU,FWD,6,0.011,2,4,0,0,139,4.4,0,0,0,3,2,0,0
HughesWATMID,Hughes,WAT,MID,5.5,0.002,2,4,0,0,156,3.2,0,0,0,4,2,0,0
DeeneyWATFWD,Deeney,WAT,FWD,6.4,0.024,2,4,0,0,180,8.7,0,0,0,4,2,0,0
FabianskiWHUGKP,Fabianski,WHU,GKP,5,0.049,2,4,0,0,180,5.1,0,0,0,6,2,7,0
JiménezWOLFWD,Jiménez,WOL,FWD,7.5,0.189,2,4,0,0,180,9.1,0,1,0,1,2,0,0
JotaWOLFWD,Jota,WOL,FWD,6.5,0.112,2,4,0,0,160,6.7,0,1,0,1,2,0,0
NelsonARSMID,Nelson,ARS,MID,5.5,0.002,1.5,3,0,0,115,9.7,0,1,0,1,1.5,0,1
HeatonAVLGKP,Heaton,AVL,GKP,4.5,0.066,1.5,3,0,0,180,3.6,0,0,0,5,1.5,5,0
TrézéguetAVLMID,Trézéguet,AVL,MID,5.5,0.028,1.5,3,0,0,144,14.1,0,0,0,2,1.5,0,0
AkéBOUDEF,Aké,BOU,DEF,5,0.162,1.5,3,0,0,180,9.9,0,0,0,2,1.5,0,1
Adam SmithBOUDEF,Adam Smith,BOU,DEF,4.5,0.014,1.5,3,0,0,180,3.1,0,0,0,2,1.5,0,1
FraserBOUMID,Fraser,BOU,MID,7.4,0.136,1.5,3,0,0,180,10.8,0,0,0,2,1.5,0,1
PulisicCHEMID,Pulisic,CHE,MID,7.5,0.085,1.5,3,0,0,102,4,0,0,0,4,1.5,0,0
KovacicCHEMID,Kovacic,CHE,MID,5.5,0.012,1.5,3,0,0,109,4.7,0,0,0,4,1.5,0,0
GiroudCHEFWD,Giroud,CHE,FWD,7,0.025,1.5,3,0,0,85,6.7,0,1,0,2,1.5,0,0
ZahaCRYMID,Zaha,CRY,MID,7,0.166,1.5,3,0,0,115,8.4,0,0,0,1,1.5,0,0
André GomesEVEMID,André Gomes,EVE,MID,5.4,0.009,1.5,3,0,0,135,5.4,0,1,0,0,1.5,0,1
FabinhoLIVMID,Fabinho,LIV,MID,5.5,0.012,1.5,3,0,0,106,4.9,0,0,0,2,1.5,0,0
HendersonLIVMID,Henderson,LIV,MID,5.5,0.01,1.5,3,0,0,91,6.2,0,0,0,1,1.5,0,0
GündoganMCIMID,Gündogan,MCI,MID,5.5,0.025,1.5,3,0,0,101,7.1,0,0,0,2,1.5,0,0
RitchieNEWDEF,Ritchie,NEW,DEF,5.5,0.005,1.5,3,0,0,180,10.7,0,0,0,4,1.5,0,0
SchärNEWDEF,Schär,NEW,DEF,5,0.016,1.5,3,0,0,180,7.3,0,0,0,4,1.5,0,0
LascellesNEWDEF,Lascelles,NEW,DEF,4.5,0.068,1.5,3,0,0,180,5.3,0,0,0,4,1.5,0,0
AlmirónNEWMID,Almirón,NEW,MID,6,0.008,1.5,3,0,0,180,4.7,0,0,0,4,1.5,0,1
JoelintonNEWFWD,Joelinton,NEW,FWD,6,0.021,1.5,3,0,0,156,2.6,0,0,0,3,1.5,0,1
TownsendCRYMID,Townsend,CRY,MID,6,0.033,2.5,5,0,0,159,5.6,0,1,0,1,2.5,0,0
McArthurCRYMID,McArthur,CRY,MID,5.5,0.016,2.5,5,0,0,171,4.6,0,1,0,1,2.5,0,0
ChoudhuryLEIMID,Choudhury,LEI,MID,4.5,0.01,2.5,5,0,0,132,5.8,0,1,0,1,2.5,0,0
PérezLEIMID,Pérez,LEI,MID,6.5,0.134,2.5,5,0,0,154,6.9,0,1,0,1,2.5,0,0
TielemansLEIMID,Tielemans,LEI,MID,6.5,0.053,2.5,5,0,0,180,11.6,0,1,0,1,2.5,0,0
RodrigoMCIMID,Rodrigo,MCI,MID,5.5,0.017,2.5,5,0,0,167,7,0,1,0,2,2.5,0,0
McTominayMUNMID,McTominay,MUN,MID,5,0.008,2.5,5,0,0,180,3.7,0,1,0,1,2.5,0,0
LongstaffNEWMID,Longstaff,NEW,MID,5,0.007,2.5,5,0,1,82,3.6,0,0,0,2,2.5,0,1
TrybullNORMID,Trybull,NOR,MID,4.5,0.011,2.5,5,0,0,155,4.6,0,1,0,4,2.5,0,0
NorwoodSHUMID,Norwood,SHU,MID,5,0.004,2.5,5,0,0,180,12.6,0,1,0,1,2.5,0,0
DendonckerWOLMID,Dendoncker,WOL,MID,4.5,0.158,2.5,5,0,0,180,7.3,0,1,0,1,2.5,0,0
El GhaziAVLMID,El Ghazi,AVL,MID,5.5,0.004,2,4,0,0,164,7,0,0,0,5,2,0,0
WesleyAVLFWD,Wesley,AVL,FWD,6,0.011,2,4,0,0,163,7.1,0,0,0,3,2,0,0
Steve CookBOUDEF,Steve Cook,BOU,DEF,5,0.002,2,4,0,0,180,4.7,0,0,0,2,2,0,0
LermaBOUMID,Lerma,BOU,MID,5,0.002,2,4,0,0,180,3.6,0,0,0,2,2,0,0
MurrayBHAFWD,Murray,BHA,FWD,6,0.03,2,4,0,0,136,3.2,0,1,0,1,2,0,0
WoodBURFWD,Wood,BUR,FWD,6.4,0.011,2,4,0,0,150,3,0,1,0,1,2,0,0
PedroCHEMID,Pedro,CHE,MID,7,0.041,2,4,0,0,180,14.2,0,0,0,5,2,0,0
MilivojevicCRYMID,Milivojevic,CRY,MID,7,0.07,2,4,0,0,180,5.4,0,1,0,1,2,0,1
MeyerCRYMID,Meyer,CRY,MID,5.5,0.002,2,4,0,0,154,7.9,0,1,0,1,2,0,1
BentekeCRYFWD,Benteke,CRY,FWD,6,0.011,2,4,0,0,172,7.2,0,1,0,1,2,0,0
GbaminEVEMID,Gbamin,EVE,MID,5,0.001,2,4,0,0,135,2.6,0,1,0,0,2,0,0
Calvert-LewinEVEFWD,Calvert-Lewin,EVE,FWD,6,0.017,2,4,0,0,139,2.6,0,2,0,0,2,0,0
VardyLEIFWD,Vardy,LEI,FWD,9,0.084,2,4,0,0,180,2.5,0,1,0,1,2,0,0
AdriánLIVGKP,Adrián,LIV,GKP,4.5,0.032,2,4,0,0,141,2.3,0,0,0,2,2,5,0
RobertsonLIVDEF,Robertson,LIV,DEF,7,0.281,2,4,0,0,180,10.7,0,0,0,2,2,0,0
WijnaldumLIVMID,Wijnaldum,LIV,MID,5.5,0.026,2,4,0,0,180,2.8,0,0,0,2,2,0,0
David SilvaMCIMID,David Silva,MCI,MID,7.5,0.042,2,4,0,0,91,5.8,0,1,0,0,2,0,0
LingardMUNMID,Lingard,MUN,MID,6.5,0.017,2,4,0,0,165,2.7,0,1,0,1,2,0,1
DubravkaNEWGKP,Dubravka,NEW,GKP,5,0.01,2,4,0,0,180,5,0,0,0,4,2,6,0
LowtonBURDEF,Lowton,BUR,DEF,4.5,0.004,3.5,7,0,0,180,5.9,0,1,0,2,3.5,0,0
MilnerLIVMID,Milner,LIV,MID,5.5,0.009,3.5,7,0,1,77,6.3,0,1,0,0,3.5,0,0
LaporteMCIDEF,Laporte,MCI,DEF,6.5,0.085,3.5,7,0,0,180,5.9,0,1,0,2,3.5,0,0
ZinchenkoMCIDEF,Zinchenko,MCI,DEF,5.5,0.113,3.5,7,0,0,180,9.2,0,1,0,2,3.5,0,0
JesusMCIFWD,Jesus,MCI,FWD,9.5,0.029,3.5,7,1,0,92,12.7,0,1,0,0,3.5,0,0
LindelöfMUNDEF,Lindelöf,MUN,DEF,5.5,0.013,3.5,7,0,0,180,3.8,0,1,0,1,3.5,0,1
JamesMUNMID,James,MUN,MID,6,0.027,3.5,7,1,0,104,8,0,0,0,1,3.5,0,1
PereiraMUNMID,Pereira,MUN,MID,5,0.011,3.5,7,0,1,74,4.6,0,1,0,0,3.5,0,0
BaldockSHUDEF,Baldock,SHU,DEF,4.5,0.002,3.5,7,0,0,180,3.4,0,1,0,1,3.5,0,1
SissokoTOTMID,Sissoko,TOT,MID,5,0.027,3.5,7,0,1,180,9.8,0,0,0,3,3.5,0,0
DohertyWOLDEF,Doherty,WOL,DEF,6,0.037,3.5,7,0,0,135,0.3,0,1,0,1,3.5,0,0
JonnyWOLDEF,Jonny,WOL,DEF,5.5,0.012,3.5,7,0,0,180,6.7,0,1,0,1,3.5,0,1
BennettWOLDEF,Bennett,WOL,DEF,5,0.007,3.5,7,0,0,180,3.5,0,1,0,1,3.5,0,1
ChambersARSDEF,Chambers,ARS,DEF,4.5,0.011,3,6,0,0,90,1.3,0,1,0,0,6,0,0
RamsdaleBOUGKP,Ramsdale,BOU,GKP,4.5,0.002,3,6,0,0,180,5,0,0,0,2,3,8,0
RicharlisonEVEMID,Richarlison,EVE,MID,8,0.084,3,6,0,0,152,9.4,0,2,0,0,3,0,0
SigurdssonEVEMID,Sigurdsson,EVE,MID,8,0.113,3,6,0,0,168,9.9,0,2,0,0,3,0,0
ChilwellLEIDEF,Chilwell,LEI,DEF,5.5,0.051,3,6,0,0,90,3.1,0,1,0,0,6,0,0
Alexander-ArnoldLIVDEF,Alexander-Arnold,LIV,DEF,7,0.234,3,6,0,1,180,12.7,0,0,0,2,3,0,1
StonesMCIDEF,Stones,MCI,DEF,5.5,0.033,3,6,0,0,90,2,0,1,0,0,6,0,0
LewisNORDEF,Lewis,NOR,DEF,4.5,0.003,3,6,0,0,179,7.8,0,1,0,4,3,0,0
BuendíaNORMID,Buendía,NOR,MID,6,0.008,3,6,0,1,180,18.5,0,0,0,5,3,0,1
LlorisTOTGKP,Lloris,TOT,GKP,5.5,0.089,3,6,0,0,180,7.8,0,0,0,3,3,11,0
GuendouziARSMID,Guendouzi,ARS,MID,4.5,0.07,2.5,5,0,0,180,7.8,0,1,0,1,2.5,0,0
WillockARSMID,Willock,ARS,MID,5,0.003,2.5,5,0,0,153,7.7,0,1,0,1,2.5,0,0
El MohamadyAVLDEF,El Mohamady,AVL,DEF,4.5,0.019,2.5,5,0,0,180,12.3,3,0,0,5,2.5,0,0
MarchBHAMID,March,BHA,MID,5,0.005,2.5,5,0,0,180,9,0,1,0,1,2.5,0,0
StephensBHAMID,Stephens,BHA,MID,4.5,0.036,2.5,5,0,0,180,6.6,0,1,0,1,2.5,0,0
WestwoodBURMID,Westwood,BUR,MID,5.5,0.007,2.5,5,0,0,180,5.7,0,1,0,2,2.5,0,0
CorkBURMID,Cork,BUR,MID,5,0.003,2.5,5,0,0,180,5,0,1,0,2,2.5,0,0
GrealishAVLMID,Grealish,AVL,MID,6,0.058,4,8,0,1,180,16.4,1,0,0,5,4,0,0
WilsonBOUMID,Wilson,BOU,MID,6,0.012,4,8,1,0,75,7.8,1,0,0,1,8,0,0
KingBOUFWD,King,BOU,FWD,6.5,0.175,4,8,1,0,180,11.1,0,0,0,2,4,0,0
DuffyBHADEF,Duffy,BHA,DEF,5,0.029,4,8,0,0,180,3.8,0,1,0,1,4,0,0
MontoyaBHADEF,Montoya,BHA,DEF,4.5,0.009,4,8,0,0,180,7.5,0,1,0,1,4,0,0
BurnBHADEF,Burn,BHA,DEF,4.5,0.002,4,8,0,0,180,7.5,0,1,0,1,4,0,0
PröpperBHAMID,Pröpper,BHA,MID,5,0.011,4,8,0,1,180,9.8,0,1,0,1,4,0,0
McNeilBURMID,McNeil,BUR,MID,6,0.004,4,8,0,1,173,8.4,0,1,0,2,4,0,0
GuaitaCRYGKP,Guaita,CRY,GKP,5,0.005,4,8,0,0,180,3.8,0,1,0,1,4,4,0
van AanholtCRYDEF,van Aanholt,CRY,DEF,5.5,0.06,4,8,0,0,180,4.4,0,1,0,1,4,0,0
WardCRYDEF,Ward,CRY,DEF,4.5,0.006,4,8,0,0,180,6.3,0,1,0,1,4,0,0
DannCRYDEF,Dann,CRY,DEF,4.5,0.003,4,8,0,0,180,7.5,0,1,0,1,4,0,0
KellyCRYDEF,Kelly,CRY,DEF,4,0.262,4,8,0,0,180,4.6,0,1,0,1,4,0,0
SöyüncüLEIDEF,Söyüncü,LEI,DEF,4.5,0.008,4,8,0,0,180,5,0,1,0,1,4,0,0
MaddisonLEIMID,Maddison,LEI,MID,7,0.097,4,8,0,1,180,15.5,0,1,0,1,4,0,0
EdersonMCIGKP,Ederson,MCI,GKP,6.1,0.23,4,8,0,0,180,3.4,0,1,0,2,4,3,0
MaguireMUNDEF,Maguire,MUN,DEF,5.5,0.193,4,8,0,0,180,9.2,0,1,0,1,4,0,0
ShawMUNDEF,Shaw,MUN,DEF,5.5,0.02,4,8,0,0,180,6.7,0,1,0,1,4,0,0
O'ConnellSHUDEF,O'Connell,SHU,DEF,4.5,0.004,4,8,0,0,180,9.9,0,1,0,1,4,0,0
EganSHUDEF,Egan,SHU,DEF,4.5,0.002,4,8,0,0,180,3.4,0,1,0,1,4,0,0
BashamSHUDEF,Basham,SHU,DEF,4.5,0.002,4,8,0,0,171,5.7,0,1,0,1,4,0,0
SharpSHUFWD,Sharp,SHU,FWD,6,0.013,4,8,1,0,8,6.8,3,0,0,0,8,0,0
IngsSOUFWD,Ings,SOU,FWD,6,0.02,4,8,1,0,91,10.5,1,0,0,2,4,0,0
CoadyWOLDEF,Coady,WOL,DEF,5,0.016,4,8,0,0,180,2.4,0,1,0,1,4,0,0
MingsAVLDEF,Mings,AVL,DEF,4.5,0.023,3.5,7,0,1,180,12.5,2,0,0,5,3.5,0,0
TrossardBHAMID,Trossard,BHA,MID,6,0.008,3.5,7,1,0,84,6.9,0,0,0,1,7,0,0
AndoneBHAFWD,Andone,BHA,FWD,5,0.021,3.5,7,1,0,42,7.5,1,0,0,0,3.5,0,0
MaupayBHAFWD,Maupay,BHA,FWD,6,0.008,3.5,7,1,0,49,2,1,0,0,0,3.5,0,0
MeeBURDEF,Mee,BUR,DEF,5,0.009,3.5,7,0,0,180,9.6,0,1,0,2,3.5,0,0
TarkowskiBURDEF,Tarkowski,BUR,DEF,5,0.017,3.5,7,0,0,180,9.2,0,1,0,2,3.5,0,0
RyanBHAGKP,Ryan,BHA,GKP,4.5,0.156,5.5,11,0,0,180,4.4,2,1,0,1,5.5,5,0
PopeBURGKP,Pope,BUR,GKP,4.5,0.083,5.5,11,0,0,180,10.2,1,1,0,2,5.5,10,0
GudmundssonBURMID,Gudmundsson,BUR,MID,6,0.018,5.5,11,1,0,161,18.7,1,1,0,2,5.5,0,0
ColemanEVEDEF,Coleman,EVE,DEF,5.5,0.037,5.5,11,0,0,180,5.4,0,2,0,0,5.5,0,1
PereiraLEIDEF,Pereira,LEI,DEF,6,0.058,5.5,11,0,0,180,8.8,3,1,0,1,5.5,0,0
AgüeroMCIFWD,Agüero,MCI,FWD,12,0.164,5.5,11,2,0,86,14.4,0,0,0,2,5.5,0,0
HendersonSHUGKP,Henderson,SHU,GKP,4.5,0.017,5.5,11,0,0,180,3.6,2,1,1,1,5.5,6,0
Lucas MouraTOTMID,Lucas Moura,TOT,MID,7.5,0.104,5.5,11,1,1,124,19.7,0,0,0,1,5.5,0,0
BolyWOLDEF,Boly,WOL,DEF,5,0.071,5.5,11,0,0,180,4.5,3,1,0,1,5.5,0,0
MoutinhoWOLMID,Moutinho,WOL,MID,5.5,0.063,5.5,11,0,1,180,12.7,3,1,0,1,5.5,0,0
LenoARSGKP,Leno,ARS,GKP,5,0.07,5,10,0,0,180,4.4,1,1,0,1,5,5,0
SokratisARSDEF,Sokratis,ARS,DEF,5,0.02,5,10,0,0,180,5.8,2,1,0,1,5,0,0
Douglas LuizAVLMID,Douglas Luiz,AVL,MID,4.5,0.015,5,10,1,0,98,9.7,2,0,0,4,5,0,0
MephamBOUDEF,Mepham,BOU,DEF,4.5,0.017,5,10,1,0,90,11.7,2,0,1,1,10,0,0
WilsonBOUFWD,Wilson,BOU,FWD,8,0.155,5,10,0,2,179,13,0,0,0,2,5,0,0
EvansLEIDEF,Evans,LEI,DEF,5,0.01,5,10,0,0,180,5.4,2,1,0,1,5,0,0
van DijkLIVDEF,van Dijk,LIV,DEF,6.5,0.522,5,10,1,0,180,10.8,0,0,0,2,5,0,0
LanziniWHUMID,Lanzini,WHU,MID,6.5,0.015,5,10,0,1,180,12.8,3,0,0,6,5,0,0
MonrealARSDEF,Monreal,ARS,DEF,5,0.013,4.5,9,0,0,180,8.5,1,1,0,1,4.5,0,0
McGinnAVLMID,McGinn,AVL,MID,5.6,0.054,4.5,9,1,0,180,17.4,0,0,0,5,4.5,0,0
GroßBHAMID,Groß,BHA,MID,6.5,0.014,4.5,9,0,1,156,13.9,1,1,0,1,4.5,0,0
SchmeichelLEIGKP,Schmeichel,LEI,GKP,5,0.063,4.5,9,0,0,180,5.3,0,1,0,1,4.5,6,0
WalkerMCIDEF,Walker,MCI,DEF,6,0.201,4.5,9,0,1,180,12.5,0,1,0,2,4.5,0,1
Wan-BissakaMUNDEF,Wan-Bissaka,MUN,DEF,5.5,0.363,4.5,9,0,0,180,9.3,2,1,0,1,4.5,0,1
PogbaMUNMID,Pogba,MUN,MID,8.6,0.106,4.5,9,0,2,180,15.9,0,1,0,1,4.5,0,0
ShelveyNEWMID,Shelvey,NEW,MID,5,0.004,4.5,9,1,0,143,14.5,1,0,0,3,4.5,0,0
StevensSHUDEF,Stevens,SHU,DEF,5,0.004,4.5,9,0,0,180,6.5,1,1,1,1,4.5,0,0
ChicharitoWHUFWD,Chicharito,WHU,FWD,6,0.014,4.5,9,1,0,106,7.7,2,0,1,4,4.5,0,0
NevesWOLMID,Neves,WOL,MID,5.5,0.081,4.5,9,1,0,170,7.7,1,1,0,1,4.5,0,2
LacazetteARSFWD,Lacazette,ARS,FWD,9.5,0.034,4,8,1,0,70,10.6,2,0,0,1,8,0,0
SterlingMCIMID,Sterling,MCI,MID,12.1,0.408,13,26,4,0,180,38.7,3,1,1,2,13,0,2
PukkiNORFWD,Pukki,NOR,FWD,6.7,0.152,12,24,4,0,172,34,4,0,1,5,12,0,0
RashfordMUNFWD,Rashford,MUN,FWD,8.6,0.25,9.5,19,2,1,173,18.4,4,1,1,1,9.5,0,0
BarnesBURFWD,Barnes,BUR,FWD,6.6,0.056,9,18,3,0,173,28.5,3,1,1,2,9,0,1
De BruyneMCIMID,De Bruyne,MCI,MID,9.6,0.201,9,18,0,3,168,32.7,4,1,1,2,9,0,0
DigneEVEDEF,Digne,EVE,DEF,6,0.242,8.5,17,0,1,162,13.8,2,2,1,0,8.5,0,0
LundstramSHUDEF,Lundstram,SHU,DEF,4,0.115,8.5,17,1,0,167,12.9,4,1,1,1,8.5,0,1
MinaEVEDEF,Mina,EVE,DEF,5.5,0.035,8,16,0,0,180,4.1,4,2,0,0,8,0,0
PietersBURDEF,Pieters,BUR,DEF,4.5,0.047,7.5,15,0,2,180,10.6,2,1,1,2,7.5,0,0
SalahLIVMID,Salah,LIV,MID,12.5,0.421,7.5,15,1,1,168,17.7,2,1,1,1,7.5,0,0
MahrezMCIMID,Mahrez,MCI,MID,8.5,0.04,7.5,15,0,3,100,15,2,1,1,0,7.5,0,0
KaneTOTFWD,Kane,TOT,FWD,11,0.301,7.5,15,2,0,180,18.9,3,0,1,3,7.5,0,0
PatrícioWOLGKP,Patrício,WOL,GKP,5,0.05,7.5,15,0,0,180,3.8,2,1,0,1,7.5,2,0
Maitland-NilesARSDEF,Maitland-Niles,ARS,DEF,5,0.052,7,14,0,1,180,9.3,3,1,1,1,7,0,0
DunkBHADEF,Dunk,BHA,DEF,4.5,0.112,7,14,0,1,180,7.3,4,1,1,1,7,0,1
KeaneEVEDEF,Keane,EVE,DEF,5.5,0.035,7,14,0,0,180,5.6,2,2,0,0,7,0,0
ManéLIVMID,Mané,LIV,MID,11.5,0.167,7,14,1,1,106,17.2,3,0,1,1,7,0,0
MartialMUNMID,Martial,MUN,MID,7.6,0.119,7,14,2,0,180,20.1,0,1,0,1,7,0,1
NdombeleTOTMID,Ndombele,TOT,MID,6.1,0.103,7,14,1,1,180,13,2,0,0,3,7,0,0
PickfordEVEGKP,Pickford,EVE,GKP,5.5,0.119,6.5,13,0,0,180,3.7,1,2,0,0,6.5,4,0
BernardEVEMID,Bernard,EVE,MID,6.5,0.013,6.5,13,1,0,180,16.5,3,2,1,0,6.5,0,1
NdidiLEIMID,Ndidi,LEI,MID,5,0.019,6.5,13,1,0,180,10.9,3,1,0,1,6.5,0,0
FirminoLIVFWD,Firmino,LIV,FWD,9.5,0.113,6.5,13,1,1,175,18.1,2,0,0,2,6.5,0,0
OrigiLIVFWD,Origi,LIV,FWD,5.6,0.072,6.5,13,1,1,84,9.4,3,0,0,2,6.5,0,0
LamelaTOTMID,Lamela,TOT,MID,6,0.014,6.5,13,1,1,171,17.1,2,0,1,3,6.5,0,1
CeballosARSMID,Ceballos,ARS,MID,5.6,0.085,6,12,0,2,108,12.2,3,0,1,1,6,0,0
AubameyangARSFWD,Aubameyang,ARS,FWD,11,0.278,6,12,2,0,180,21.6,1,1,0,1,6,0,1
MountCHEMID,Mount,CHE,MID,6,0.032,6,12,1,0,180,24.7,3,0,0,5,6,0,0
de GeaMUNGKP,de Gea,MUN,GKP,5.6,0.205,6,12,0,0,180,5.6,2,1,1,1,6,8,0
CantwellNORMID,Cantwell,NOR,MID,4.5,0.031,6,12,0,2,180,19.8,2,0,0,5,6,0,0
